payload,status_code,executed,label
>,200,0,0
<,200,0,0
"<dEtaiLS%09oNTOggLE%09=%09a=prompt,a()%0dx//",200,0,0
<hTML%0aONPoinTERENTEr+=+(confirm)()//,200,0,0
<DetaILS%0doNToGGle%0a=%0a(confirm)()%0dx//,200,0,0
<a%0dOnmouseoVer%0d=%0d(prompt)``//v3dm0s,200,0,0
"<A%09OnMoUseovEr%0d=%0da=prompt,a()%0dx//v3dm0s",200,0,0
<deTaiLs/+/ONpointEreNtEr%0d=%0dconfirm()%0dx//,200,1,1
<A%0doNPointERentER+=+confirm()//v3dm0s,200,1,1
<DetaILS/+/OntOGglE%0a=%0a(confirm)()//,200,0,0
<D3V%09ONMousEoVeR%0d=%0d[8].find(confirm)//v3dm0s,200,0,0
"<A/+/OnmOusEovEr+=+a=prompt,a()%0dx//v3dm0s",200,0,0
<HTml%09oNmOUSEoVEr+=+confirm()//,200,1,1
"<D3v%0aOnMouSEoVer%09=%09a=prompt,a()//v3dm0s",200,0,0
<D3v%09oNMouseOvEr%09=%09confirm()%0dx//v3dm0s,200,1,1
"<HtMl%0aonpoiNTereNTER+=+a=prompt,a()%0dx//",200,0,0
<a%0donPOINTeREnter%0a=%0a[8].find(confirm)//v3dm0s,200,0,0
<htML%0dONmOuSeOVer%0d=%0d(confirm)()//,200,0,0
<a%09oNmoUseOVeR+=+(confirm)()%0dx//v3dm0s,200,0,0
"<d3v%0donPOINTErEnTeR%09=%09a=prompt,a()%0dx//v3dm0s",200,0,0
<A/+/ONpOiNtErEntEr%09=%09confirm()//v3dm0s,200,1,1
<d3v/+/onMoUseOVER%0a=%0aconfirm()%0dx//v3dm0s,200,1,1
<Html%0dOnMoUsEOVeR%0a=%0a(prompt)``%0dx//,200,0,0
<D3V%09oNmOUseoVER%0d=%0dconfirm()%0dx//v3dm0s,200,1,1
<HTml%0aonpOINterENTeR+=+confirm()//,200,1,1
<html/+/onMoUSEovEr%0d=%0d[8].find(confirm)%0dx//,200,0,0
"<d3V/+/onpoInTERENTer+=+a=prompt,a()%0dx//v3dm0s",200,0,0
<d3v/+/ONPOinterENTEr%0d=%0dconfirm()//v3dm0s,200,1,1
<A/+/ONpOINTereNTEr%0d=%0dconfirm()//v3dm0s,200,1,1
"<a%0aoNPoINteReNTER%0d=%0da=prompt,a()%0dx//v3dm0s",200,0,0
<DEtAiLS%0dONpoinTeRENTeR%09=%09[8].find(confirm)%0dx//,200,0,0
"<html%09oNPoInteRENTER%0a=%0aa=prompt,a()//",200,0,0
<D3V%09oNPoIntERenter+=+confirm()%0dx//v3dm0s,200,1,1
"<d3V%0aOnMOuSeOVeR%0d=%0da=prompt,a()//v3dm0s",200,0,0
<D3v%0aOnpOintErEnTEr+=+[8].find(confirm)%0dx//v3dm0s,200,0,0
<DEtaiLs/+/oNpOiNterEnTEr%0a=%0aconfirm()//,200,1,1
"<detailS%09ONtoGGlE+=+a=prompt,a()//",200,0,0
<DEtaIlS%09onPointEReNTEr+=+confirm()%0dx//,200,1,1
<A%0aoNMOUsEoVEr%09=%09(prompt)``%0dx//v3dm0s,200,0,0
<a%09OnPOINTEREnter%0d=%0d(confirm)()//v3dm0s,200,0,0
<a%09ONMOUSeoveR%09=%09confirm()//v3dm0s,200,1,1
<a/+/onmOUSeoVER+=+confirm()//v3dm0s,200,1,1
<DeTaILS%0doNPOInterENteR%09=%09(prompt)``//,200,0,0
"<d3V%0donmOUSeover%09=%09a=prompt,a()%0dx//v3dm0s",200,0,0
<a/+/ONMoUsEovEr%09=%09confirm()%0dx//v3dm0s,200,1,1
<detaiLs%0dOnpOiNTEReNteR%09=%09(confirm)()%0dx//,200,0,0
<D3v%09onMOUSEoveR%0a=%0a(prompt)``%0dx//v3dm0s,200,0,0
<dETAIls%09ONpointereNter+=+(confirm)()//,200,0,0
<A%0aonMOuseOver%09=%09(prompt)``//v3dm0s,200,0,0
<a%0donPoIntERENteR%0d=%0d(confirm)()//v3dm0s,200,0,0
<htmL%09oNmOuseOVER%0a=%0aconfirm()%0dx//,200,1,1
<a/+/oNpOinteRentER+=+(confirm)()%0dx//v3dm0s,200,0,0
<dEtAILs/+/ONpointereNtEr%0d=%0dconfirm()//,200,1,1
<HtmL%09oNMoUsEOVer%09=%09(prompt)``%0dx//,200,0,0
<HTML%0aONpoINTEReNtER%0d=%0dconfirm()%0dx//,200,1,1
"<a/+/onPOiNtEREntER%0a=%0aa=prompt,a()%0dx//v3dm0s",200,0,0
<detAILs/+/ontoGGLe%09=%09[8].find(confirm)%0dx//,200,0,0
<A/+/OnpointERenTER+=+(confirm)()//v3dm0s,200,0,0
<deTailS%09ONtoGGLE%09=%09confirm()//,200,1,1
<A%09ONPOinTERentER%0a=%0aconfirm()%0dx//v3dm0s,200,1,1
<a%0aONPOiNterenTEr%0a=%0aconfirm()%0dx//v3dm0s,200,1,1
<A/+/OnPOInTERENTer%0a=%0aconfirm()%0dx//v3dm0s,200,1,1
<a/+/onMoUSeOVER%0a=%0a(confirm)()//v3dm0s,200,0,0
<HtmL%0aOnMOuSeOvER%0d=%0d(prompt)``//,200,0,0
<a%09oNMOusEovEr%0a=%0a[8].find(confirm)%0dx//v3dm0s,200,0,0
<A%0dONmoUsEOVer%0d=%0d(confirm)()%0dx//v3dm0s,200,0,0
<a%0doNmOuSeovEr%0d=%0dconfirm()%0dx//v3dm0s,200,1,1
<HTML%0dONpOInTEREntEr%0a=%0a(confirm)()//,200,0,0
<dETAILS%0aONTOGGLE+=+confirm()//,200,1,1
<a/+/onpoIntERENteR%0d=%0d(prompt)``//v3dm0s,200,0,0
"<DETAIls%0aoNPoiNtEreNTER%0d=%0da=prompt,a()//",200,0,0
"<A%0dONmOusEoVER%09=%09a=prompt,a()//v3dm0s",200,0,0
<D3V%0aOnmoUSEOveR%0d=%0d(prompt)``//v3dm0s,200,0,0
<D3v%0aONMOUsEover+=+[8].find(confirm)//v3dm0s,200,0,0
<dEtaILs/+/onPOintEReNTeR%09=%09[8].find(confirm)//,200,0,0
<dEtaILs%0aOnTOGgLe%0a=%0a[8].find(confirm)//,200,0,0
<d3v/+/oNMOuSeoVeR%0d=%0dconfirm()%0dx//v3dm0s,200,1,1
"<a%0aOnmOUSeOVer%0a=%0aa=prompt,a()//v3dm0s",200,0,0
<A%0donpOInTErenTEr%09=%09[8].find(confirm)%0dx//v3dm0s,200,0,0
<A%0aONPointERenTEr+=+confirm()%0dx//v3dm0s,200,1,1
<A/+/OnmoUsEOvEr+=+confirm()%0dx//v3dm0s,200,1,1
<DEtAils/+/oNPoinTEReNteR%0d=%0d(prompt)``//,200,0,0
<deTAiLS%0aonpOINTerENteR%09=%09(prompt)``//,200,0,0
<detAILS%09onPoINTEreNTer%0d=%0dconfirm()%0dx//,200,1,1
<a%0dOnMOusEoVeR+=+[8].find(confirm)%0dx//v3dm0s,200,0,0
<d3v/+/onPoInterenter%09=%09[8].find(confirm)%0dx//v3dm0s,200,0,0
<a%0dONMouSeOVEr%09=%09(prompt)``%0dx//v3dm0s,200,0,0
"<dETAiLs/+/onPOINTeREnTeR%0d=%0da=prompt,a()%0dx//",200,0,0
"<Html%09onmouSeOVeR+=+a=prompt,a()%0dx//",200,0,0
<A/+/OnPOINTEREntER+=+[8].find(confirm)//v3dm0s,200,0,0
<dETAiLS%0dOnTOggLe%0a=%0aconfirm()%0dx//,200,1,1
<a%0dOnpoINTErenter+=+confirm()%0dx//v3dm0s,200,1,1
<d3v%0donMouseOveR%0d=%0d[8].find(confirm)%0dx//v3dm0s,200,0,0
<DeTaILs/+/ONtOgGle%09=%09(confirm)()%0dx//,200,0,0
<htML%0aonpoInterEnTER%0d=%0dconfirm()%0dx//,200,1,1
<D3v%09onMoUsEOVer+=+(confirm)()//v3dm0s,200,0,0
<DETAIlS%0dONtoGGLe%0d=%0dconfirm()%0dx//,200,1,1
<dEtaiLs%0doNpoINterEnTER%0a=%0aconfirm()//,200,1,1
<deTAILs%09oNtOggLe+=+(confirm)()%0dx//,200,0,0
<dEtAiLs/+/oNTOggle%0d=%0dconfirm()//,200,1,1
<HtmL%09oNpOinTerenteR%0a=%0a[8].find(confirm)//,200,0,0
<HTmL%0aONPOInTErenTer+=+[8].find(confirm)//,200,0,0
<A%09onMOuSeOVer%0d=%0dconfirm()//v3dm0s,200,1,1
<d3V%0aonMoUSeOVeR%0a=%0a(prompt)``%0dx//v3dm0s,200,0,0
<htMl%0dONPoinTeRentEr%09=%09(prompt)``//,200,0,0
<DETaiLS%0doNtogGLe+=+(confirm)()//,200,0,0
<HtmL%0aonMOusEoveR+=+confirm()//,200,1,1
<hTML%0aOnpOiNTeREnTer%0d=%0d(prompt)``//,200,0,0
"<HTML%0aONpoinTEREnTEr%0a=%0aa=prompt,a()%0dx//",200,0,0
"<D3V%0donpointerENTer%09=%09a=prompt,a()//v3dm0s",200,0,0
<htmL/+/oNMoUSEOvER%09=%09[8].find(confirm)%0dx//,200,0,0
"<a%0aOnMouseOveR+=+a=prompt,a()//v3dm0s",200,0,0
"<DEtailS%0aoNPOIntEReNter%09=%09a=prompt,a()%0dx//",200,0,0
<A%0doNPOiNtErEntEr%0a=%0a(prompt)``//v3dm0s,200,0,0
<htMl%09oNMoUsEoVEr%0d=%0d[8].find(confirm)%0dx//,200,0,0
<DeTAilS%09onTogGle%0a=%0a(confirm)()//,200,0,0
<hTml%0dOnmouseOvER%0d=%0d(prompt)``%0dx//,200,0,0
<HTml%0dOnmouSeovEr%0d=%0dconfirm()%0dx//,200,1,1
<deTAiLs%0dOnPoInTEREntEr%09=%09confirm()%0dx//,200,1,1
<HTMl%0donMouseOVeR%09=%09confirm()//,200,1,1
"<a%0dOnmOuSeovER%0d=%0da=prompt,a()//v3dm0s",200,0,0
<A%0aONmoUseOveR%0d=%0d[8].find(confirm)%0dx//v3dm0s,200,0,0
<D3V%0aONpOINTEReNteR%0a=%0a(confirm)()%0dx//v3dm0s,200,0,0
<A/+/OnMoUsEoveR%0d=%0d(confirm)()//v3dm0s,200,0,0
<a%09ONPOInTeReNter+=+confirm()%0dx//v3dm0s,200,1,1
<DeTAiLs%09ONTogGle+=+(confirm)()//,200,0,0
<html%0aONpoInTEreNTer%0d=%0d(confirm)()//,200,0,0
<hTmL/+/OnmOuSEOvER%0a=%0a(confirm)()%0dx//,200,0,0
<detailS%0aoNpoiNTErEntEr+=+(prompt)``//,200,0,0
<DETaiLs%0doNToGglE%09=%09confirm()//,200,1,1
<d3V%0aOnPOIntEReNTEr%0d=%0dconfirm()%0dx//v3dm0s,200,1,1
"<D3V%09oNMOUseovEr%0d=%0da=prompt,a()//v3dm0s",200,0,0
<d3v%0doNpOintErENTER%0a=%0aconfirm()//v3dm0s,200,1,1
<d3v%0doNPOiNtErENtEr%0a=%0a(prompt)``//v3dm0s,200,0,0
<DEtaiLs%09ONtOgGlE+=+confirm()//,200,1,1
<DeTAilS/+/OntOGGlE%09=%09confirm()%0dx//,200,1,1
<HtMl%0dONpOinterENTer+=+[8].find(confirm)%0dx//,200,0,0
"<A/+/oNMOUSEOVER%0d=%0da=prompt,a()%0dx//v3dm0s",200,0,0
<DEtAIls%0aONPOinTerEnteR%09=%09confirm()//,200,1,1
<HTmL%0aonmousEoVeR%0d=%0d[8].find(confirm)//,200,0,0
<HTml/+/OnpoINteRENTEr%0a=%0aconfirm()//,200,1,1
<d3v/+/onPOINtereNTer%0d=%0dconfirm()//v3dm0s,200,1,1
<HtmL%09OnmoUseovEr%09=%09(confirm)()%0dx//,200,0,0
"<D3v%09onPoIntErEnter%0a=%0aa=prompt,a()%0dx//v3dm0s",200,0,0
<Html%0aoNmouSeoveR%0a=%0a[8].find(confirm)%0dx//,200,0,0
<D3V%0aONPoiNTEreNtER+=+(prompt)``%0dx//v3dm0s,200,0,0
<DEtaIls%09onpoiNTERenter%0a=%0aconfirm()%0dx//,200,1,1
"<detailS%09OnPOinterenTER%0d=%0da=prompt,a()//",200,0,0
<DETaiLs/+/oNtOGglE+=+(prompt)``%0dx//,200,0,0
"<DetailS%0doNpoiNtErenTEr%0d=%0da=prompt,a()%0dx//",200,0,0
<hTMl/+/OnpoINterENTeR+=+confirm()//,200,1,1
<HTML%0dONpoiNtEreNtEr+=+confirm()%0dx//,200,1,1
<d3v%09oNmOUseOVeR%0a=%0a[8].find(confirm)//v3dm0s,200,0,0
<d3V/+/OnmoUSeOVeR+=+(prompt)``//v3dm0s,200,0,0
<A%0aoNMOUSeOveR+=+confirm()%0dx//v3dm0s,200,1,1
<d3V/+/ONPoInTErENTeR%0d=%0d(confirm)()//v3dm0s,200,0,0
<d3v/+/OnpoInTeREnTeR%0d=%0d(confirm)()%0dx//v3dm0s,200,0,0
<d3V%0aOnmoUseoVER+=+confirm()%0dx//v3dm0s,200,1,1
<A%0aONmousEoVer%0d=%0dconfirm()//v3dm0s,200,1,1
<dETAils%0aOnPoiNTeREnTER%0a=%0a(prompt)``//,200,0,0
"<dEtaiLs%0aONtoGgle%09=%09a=prompt,a()//",200,0,0
<A%09ONmOusEoVER+=+(prompt)``//v3dm0s,200,0,0
<d3v/+/ONMOUseoVER+=+confirm()%0dx//v3dm0s,200,1,1
<A/+/OnPoiNterENteR+=+(prompt)``%0dx//v3dm0s,200,0,0
<A%0donMOUSeoVer%09=%09(confirm)()%0dx//v3dm0s,200,0,0
<D3v%0aonmOusEoVeR%0a=%0a[8].find(confirm)%0dx//v3dm0s,200,0,0
<D3v/+/onPOinteRenTEr+=+[8].find(confirm)%0dx//v3dm0s,200,0,0
<d3V%09OnmOuSEOVER%09=%09(prompt)``%0dx//v3dm0s,200,0,0
<d3v/+/onMOuseOvER%0d=%0d(confirm)()//v3dm0s,200,0,0
<a%0aonPOiNTeRenter%0a=%0a(prompt)``//v3dm0s,200,0,0
"<DETaIls%0aONPointeREnTER%09=%09a=prompt,a()//",200,0,0
<DEtaIlS%0aoNtOgGLE+=+confirm()%0dx//,200,1,1
<detAIls%0dOntoGGLE%0a=%0aconfirm()//,200,1,1
<DetAILs%0aONPoiNtErEnTER%0a=%0a[8].find(confirm)%0dx//,200,0,0
<Html/+/ONmoUseOvEr+=+confirm()//,200,1,1
<A/+/oNPOInterenteR%0a=%0aconfirm()//v3dm0s,200,1,1
<DEtaILS/+/ONpoiNTeReNTer+=+confirm()%0dx//,200,1,1
<HTml%0aoNpOiNteReNtEr%0a=%0aconfirm()//,200,1,1
<d3V%0dOnPoINteRENter%0d=%0d[8].find(confirm)%0dx//v3dm0s,200,0,0
<dETAiLS%0aOnTOGgLE%0a=%0a(confirm)()%0dx//,200,0,0
<DEtAils/+/OnToggLe%09=%09(prompt)``%0dx//,200,0,0
<hTML%0aonMoUseoVEr%0d=%0dconfirm()//,200,1,1
<DETAIls%0dOnpoinTErentEr+=+(confirm)()%0dx//,200,0,0
<hTMl%09ONpoinTERenter%09=%09confirm()%0dx//,200,1,1
<HtML%0aOnmOuseOvER+=+confirm()//,200,1,1
<d3V%0aOnpOintErENTer%09=%09[8].find(confirm)//v3dm0s,200,0,0
<hTML%0dOnmOuseOveR%0a=%0aconfirm()%0dx//,200,1,1
<detAiLs%0aonTogGLe%0d=%0d(prompt)``//,200,0,0
<d3V%09onPoInTeRENTEr%0d=%0dconfirm()//v3dm0s,200,1,1
<d3v/+/onmOUSeOver%0a=%0a(prompt)``%0dx//v3dm0s,200,0,0
<D3V%0aOnmouSeoVeR+=+(prompt)``%0dx//v3dm0s,200,0,0
<A%0aoNPOINteReNTeR%09=%09confirm()%0dx//v3dm0s,200,1,1
<a%0doNPoInterenTeR%09=%09confirm()//v3dm0s,200,1,1
<dETAiLS%0aoNTOGgLE+=+[8].find(confirm)%0dx//,200,0,0
<d3v%0donpOiNTerentEr%09=%09confirm()//v3dm0s,200,1,1
"<A%0aonmoUSEoVeR%0a=%0aa=prompt,a()%0dx//v3dm0s",200,0,0
<DeTAiLs%0aontOgglE%0a=%0aconfirm()//,200,1,1
"<DetAIls/+/oNtoGgLE+=+a=prompt,a()//",200,0,0
<hTmL/+/OnPOINtErEntER+=+confirm()%0dx//,200,1,1
<hTml%0dOnmoUseOVEr+=+(confirm)()%0dx//,200,0,0
<DEtAiLs%09ontOGgLE%09=%09(prompt)``%0dx//,200,0,0
<A%0donmOUseOVeR%0a=%0aconfirm()%0dx//v3dm0s,200,1,1
<A%09OnmoUSEoVEr+=+(prompt)``%0dx//v3dm0s,200,0,0
<details%0aONtoGGLE%09=%09confirm()%0dx//,200,1,1
<deTAils/+/ONTogGlE%0a=%0a(confirm)()%0dx//,200,0,0
<a%09ONPOINtEREnter%0d=%0d(confirm)()%0dx//v3dm0s,200,0,0
<Html%0dOnMOuSEover+=+[8].find(confirm)//,200,0,0
"<htMl%0dOnmOuSeoveR+=+a=prompt,a()%0dx//",200,0,0
<HtMl%0aonPOinterEnTEr%09=%09confirm()//,200,1,1
<a%09onmOuSEovEr+=+confirm()//v3dm0s,200,1,1
<A%0aONmOuseOVER%0a=%0aconfirm()%0dx//v3dm0s,200,1,1
<hTml%0dOnPointERENteR%0a=%0a[8].find(confirm)//,200,0,0
"<a%0dONMousEoVEr+=+a=prompt,a()%0dx//v3dm0s",200,0,0
"<a/+/OnMOUseoVER%0a=%0aa=prompt,a()//v3dm0s",200,0,0
<hTmL%0donPoINterENter%0d=%0d(prompt)``//,200,0,0
<d3v/+/oNPoIntERENTER%0a=%0a(confirm)()%0dx//v3dm0s,200,0,0
<a%09oNMOUseoVER+=+(confirm)()//v3dm0s,200,0,0
<DeTAILs%09oNTogGlE+=+confirm()//,200,1,1
<DetAils%0dOnPOINTerENTEr%0a=%0a(confirm)()%0dx//,200,0,0
<d3v/+/ONPoiNTeReNTeR%0a=%0aconfirm()//v3dm0s,200,1,1
<d3V%0aOnMoUsEOver%09=%09(prompt)``%0dx//v3dm0s,200,0,0
"<d3V%0dONmouseOveR%0a=%0aa=prompt,a()%0dx//v3dm0s",200,0,0
<htMl%0aOnpOinTerenTER%09=%09confirm()%0dx//,200,1,1
<HTMl%09ONPoiNTeReNTEr%0a=%0a(confirm)()%0dx//,200,0,0
<dEtAIlS%09onToggLE+=+(prompt)``%0dx//,200,0,0
<d3v%0aoNMoUseOVeR%09=%09(confirm)()//v3dm0s,200,0,0
<HTML/+/ONPOiNTEreNTER%0a=%0a(prompt)``//,200,0,0
<HTMl/+/onPOInTERENTER%0a=%0aconfirm()//,200,1,1
<deTaiLs%0dONPoinTeREnteR%0a=%0aconfirm()%0dx//,200,1,1
<a%0aONpOInTERentEr+=+(confirm)()%0dx//v3dm0s,200,0,0
<d3V%0donMOUSeoVer%0d=%0d(prompt)``%0dx//v3dm0s,200,0,0
"<D3V/+/oNPOINTERenTer%09=%09a=prompt,a()%0dx//v3dm0s",200,0,0
<d3V%09onPOintereNtER%0d=%0d(confirm)()%0dx//v3dm0s,200,0,0
<A%0dOnMOUSeover+=+[8].find(confirm)//v3dm0s,200,0,0
<DeTAiLs%0aOnPOiNtErEnter+=+confirm()//,200,1,1
"<DetAIls/+/OntOgGLE%0d=%0da=prompt,a()//",200,0,0
<D3v%09ONMOUSEoVEr%0d=%0d(confirm)()//v3dm0s,200,0,0
<Details%0aOntOgGLE%0d=%0d[8].find(confirm)%0dx//,200,0,0
<D3v%0aoNpoInteRentEr%0a=%0a(prompt)``//v3dm0s,200,0,0
<A/+/ONPoinTEReNTer+=+confirm()%0dx//v3dm0s,200,1,1
<DetAilS%0aOntOGgLE%0d=%0dconfirm()//,200,1,1
<D3v%0dONmouseOvER%0a=%0aconfirm()//v3dm0s,200,1,1
"<dETAILs%0aOnTOGglE%0a=%0aa=prompt,a()%0dx//",200,0,0
<A%09OnpOiNtEreNTER%09=%09confirm()%0dx//v3dm0s,200,1,1
<D3V%0dONmouSEOVEr%0a=%0aconfirm()//v3dm0s,200,1,1
"<detAILs%0aOntoggLE%0a=%0aa=prompt,a()//",200,0,0
<dEtAiLs%0aoNPoInterENTEr%0a=%0aconfirm()%0dx//,200,1,1
<deTaIls%0aONpoiNTeREnter%0d=%0d(prompt)``%0dx//,200,0,0
<a/+/OnmOuseOvEr%0a=%0aconfirm()%0dx//v3dm0s,200,1,1
<a%09oNmOuseOvEr%0d=%0dconfirm()%0dx//v3dm0s,200,1,1
<DEtAIls%09oNpOiNTereNtER%0d=%0d[8].find(confirm)//,200,0,0
<DETAILS%0donTOGgLe%0d=%0d(prompt)``//,200,0,0
<A%0aonmOuSeoVER%0d=%0dconfirm()//v3dm0s,200,1,1
<A/+/ONpOintEReNTER%0d=%0dconfirm()%0dx//v3dm0s,200,1,1
"<a%0aoNpoINTerEnTEr+=+a=prompt,a()//v3dm0s",200,0,0
<d3V/+/oNmoUsEoVeR%09=%09(confirm)()//v3dm0s,200,0,0
<a/+/oNmoUsEoVEr%0a=%0a(confirm)()%0dx//v3dm0s,200,0,0
<a%0aONmOUSeovER%09=%09confirm()%0dx//v3dm0s,200,1,1
<d3V%09oNpoiNTErEnteR%0a=%0a(prompt)``%0dx//v3dm0s,200,0,0
<htmL%09OnPOiNTEREnter%0a=%0aconfirm()//,200,1,1
<A%09OnPOINTerenTeR%0a=%0a[8].find(confirm)%0dx//v3dm0s,200,0,0
<a%09oNpOiNtErenteR%0a=%0a(prompt)``%0dx//v3dm0s,200,0,0
<dETaILs/+/OnpointerEnTer+=+(confirm)()%0dx//,200,0,0
<DetAilS%09OnTogGLe%09=%09[8].find(confirm)%0dx//,200,0,0
<hTMl%09OnMoUsEOvEr+=+confirm()//,200,1,1
<HtmL/+/OnpoinTeREntEr%0a=%0a(confirm)()//,200,0,0
<detAILs/+/oNpOiNTERenTer+=+(confirm)()//,200,0,0
<HTml%09ONpoINtErenteR%0d=%0d(confirm)()%0dx//,200,0,0
<hTml%0aonmoUsEoVeR+=+[8].find(confirm)//,200,0,0
"<D3V%09onMOUsEovER+=+a=prompt,a()%0dx//v3dm0s",200,0,0
"<A%09oNpointEreNTeR%0a=%0aa=prompt,a()%0dx//v3dm0s",200,0,0
<Html/+/OnmOuSEOVEr%0d=%0dconfirm()%0dx//,200,1,1
<DETails%0dOnpoINtErEnteR+=+(prompt)``//,200,0,0
<a%0aOnPOinTereNTEr%0a=%0aconfirm()%0dx//v3dm0s,200,1,1
<d3v%09oNPoiNteRentER+=+(prompt)``//v3dm0s,200,0,0
<d3V%09oNmoUSeOVeR%09=%09(confirm)()//v3dm0s,200,0,0
<hTMl/+/ONmOUsEoVER+=+(prompt)``%0dx//,200,0,0
"<D3v/+/oNpOintERenter%0a=%0aa=prompt,a()//v3dm0s",200,0,0
"<hTmL%0donpoInTeREntEr%09=%09a=prompt,a()%0dx//",200,0,0
<A%09oNmoUseOVeR+=+[8].find(confirm)//v3dm0s,200,0,0
<DETaiLS%0dontoggle%09=%09confirm()//,200,1,1
"<deTaILs%0dOnpoiNTeRENTEr%0d=%0da=prompt,a()//",200,0,0
"<a%0aOnPoInteReNTEr%0d=%0da=prompt,a()//v3dm0s",200,0,0
<D3V%09onMoUseoVEr%0d=%0d(prompt)``%0dx//v3dm0s,200,0,0
<D3V%0aOnmouSEOvEr%0a=%0a(confirm)()//v3dm0s,200,0,0
<HTMl%0dOnpOinTeREntEr%0d=%0d(confirm)()//,200,0,0
"<d3V%09OnpOIntERENter%0d=%0da=prompt,a()//v3dm0s",200,0,0
<D3v/+/oNmoUSEOVer%0d=%0dconfirm()//v3dm0s,200,1,1
<D3v%09onmOuseoVEr+=+(confirm)()%0dx//v3dm0s,200,0,0
<d3V%0doNmouSEover%09=%09confirm()%0dx//v3dm0s,200,1,1
<deTAILS%09ONpoINtErENTER%0d=%0d[8].find(confirm)%0dx//,200,0,0
<d3V/+/ONmOUseoVer%09=%09(prompt)``//v3dm0s,200,0,0
"<d3v%0donmOuSeOveR%0d=%0da=prompt,a()%0dx//v3dm0s",200,0,0
<Html/+/oNPoInteREnter%0a=%0a[8].find(confirm)//,200,0,0
"<dETAiLs%0doNpOintEREntER+=+a=prompt,a()//",200,0,0
<a%0aonPOiNtEreNTeR%09=%09confirm()//v3dm0s,200,1,1
<dEtails%0donPOintEReNTEr%0d=%0d(prompt)``%0dx//,200,0,0
<D3v%0aoNPoINTEREntER%0d=%0d(prompt)``%0dx//v3dm0s,200,0,0
<A/+/onpoInTeREntEr%0d=%0d(confirm)()%0dx//v3dm0s,200,0,0
<htML%0aonmousEOver+=+(confirm)()//,200,0,0
<A%0doNpOiNTereNTer%0d=%0dconfirm()//v3dm0s,200,1,1
<HTmL%0doNMOUsEoveR%0a=%0aconfirm()//,200,1,1
"<D3V%09onMouSeOveR%09=%09a=prompt,a()//v3dm0s",200,0,0
<hTML/+/OnmoUseOvER%0a=%0a(prompt)``//,200,0,0
<a/+/ONmoUseOveR%09=%09[8].find(confirm)//v3dm0s,200,0,0
<D3v%0aOnpoiNTEReNTer%09=%09confirm()%0dx//v3dm0s,200,1,1
<a%0doNmOUSEOvEr%09=%09confirm()%0dx//v3dm0s,200,1,1
<HtML/+/ONpOIntEreNTer%0a=%0a(confirm)()%0dx//,200,0,0
<DETAILS%0dontOgGLE%0a=%0a(confirm)()//,200,0,0
<a%0dOnMOUSeOver%0a=%0a(confirm)()%0dx//v3dm0s,200,0,0
<A/+/oNmOusEovEr%0d=%0dconfirm()//v3dm0s,200,1,1
<DetAilS%0aONpoiNTereNteR%0d=%0dconfirm()//,200,1,1
"<D3V/+/oNmoUseoveR+=+a=prompt,a()//v3dm0s",200,0,0
<htmL%0donpOinTERenTEr%0a=%0a[8].find(confirm)%0dx//,200,0,0
"<HTml/+/oNMOUseOveR%0d=%0da=prompt,a()%0dx//",200,0,0
<a%0donMouSEOver%09=%09[8].find(confirm)%0dx//v3dm0s,200,0,0
<detaiLS/+/onpoiNtErEnTER%0d=%0dconfirm()%0dx//,200,1,1
<D3V%0doNPoINteREnTeR%0d=%0d(prompt)``%0dx//v3dm0s,200,0,0
<a%09ONmOuSEOveR%0d=%0d[8].find(confirm)//v3dm0s,200,0,0
<d3v/+/oNMousEOver+=+confirm()%0dx//v3dm0s,200,1,1
<dETaIlS%0aonpoINtErEnTer%0a=%0a(confirm)()//,200,0,0
<a%0aonPOINtERenTER%09=%09(confirm)()%0dx//v3dm0s,200,0,0
<D3v%09onpOinTeREnter%09=%09(prompt)``//v3dm0s,200,0,0
<A%0doNMoUSeoVEr%0a=%0aconfirm()//v3dm0s,200,1,1
<D3v%0dONPoINteREntEr%0a=%0aconfirm()//v3dm0s,200,1,1
<a/+/OnPOINTeREnTER%09=%09(prompt)``//v3dm0s,200,0,0
<d3V%0aoNpoInTerEnteR%0a=%0a[8].find(confirm)%0dx//v3dm0s,200,0,0
<html%0aonmoUSeover%09=%09confirm()//,200,1,1
<a/+/onMOUSEOVer+=+(confirm)()//v3dm0s,200,0,0
<DETAiLs/+/ONpoINtEREntER%0a=%0a(prompt)``%0dx//,200,0,0
<A%0aONpoiNteReNTEr%09=%09(prompt)``//v3dm0s,200,0,0
<HTml%09ONpOiNTerEnteR%09=%09(prompt)``%0dx//,200,0,0
<D3V%0aONmOUSEoVER%09=%09(confirm)()%0dx//v3dm0s,200,0,0
<D3V%0aOnPOinTEREnTer%0a=%0aconfirm()//v3dm0s,200,1,1
"<d3V%0aoNMOuSeOvEr%0a=%0aa=prompt,a()//v3dm0s",200,0,0
<HtML%09oNmoUsEOVER%0d=%0d(prompt)``//,200,0,0
"<DEtaILs%0aOnTOgglE%0d=%0da=prompt,a()%0dx//",200,0,0
<deTAiLS%09OntOGgLe%0a=%0a(confirm)()%0dx//,200,0,0
<a%09oNMousEOvEr%09=%09[8].find(confirm)//v3dm0s,200,0,0
<hTMl%0aonMOUsEover%0d=%0d(confirm)()%0dx//,200,0,0
"<d3v%0doNMOUseOVEr%09=%09a=prompt,a()//v3dm0s",200,0,0
"<a%09oNpoInTERENtER%0d=%0da=prompt,a()%0dx//v3dm0s",200,0,0
<a%09oNMousEOVEr%0d=%0d(prompt)``//v3dm0s,200,0,0
<deTAIlS/+/OnToGGLE%0a=%0a(prompt)``//,200,0,0
<dETAils%09OnpOINtErEnTER%0a=%0aconfirm()//,200,1,1
<HtML%09OnPOiNtERENTeR%09=%09[8].find(confirm)%0dx//,200,0,0
<a%0donmoUsEoVer%09=%09confirm()//v3dm0s,200,1,1
<D3v/+/OnPOINTEreNtER+=+(prompt)``%0dx//v3dm0s,200,0,0
<D3v%0aonmOuSeOVER+=+[8].find(confirm)%0dx//v3dm0s,200,0,0
<DetAilS%09OnpoInteReNTEr%0d=%0dconfirm()//,200,1,1
<DETailS%0aoNTOggLE+=+(prompt)``%0dx//,200,0,0
<hTml%09ONpoINTeRenteR+=+confirm()%0dx//,200,1,1
<HtML%0donpoINteRENtER%0d=%0dconfirm()//,200,1,1
<deTAiLS/+/ONPoiNtEreNTEr%09=%09[8].find(confirm)%0dx//,200,0,0
<A%0dONMouSeover+=+(confirm)()//v3dm0s,200,0,0
"<a%0aOnPointErENtEr+=+a=prompt,a()%0dx//v3dm0s",200,0,0
<HtML/+/ONPOINtERenter%0a=%0a(prompt)``%0dx//,200,0,0
<D3v%09onmouSeoVeR+=+[8].find(confirm)%0dx//v3dm0s,200,0,0
<A%09ONmouseOVER%0a=%0aconfirm()%0dx//v3dm0s,200,1,1
<A%0aONmOUSEoVeR%09=%09confirm()//v3dm0s,200,1,1
<DETAiLS%0dOntoGgLE+=+[8].find(confirm)%0dx//,200,0,0
"<detaIlS%0dONTOgGle%0d=%0da=prompt,a()//",200,0,0
<HTMl/+/OnPoinTErENTer%0d=%0dconfirm()//,200,1,1
<DEtaiLs/+/ontogGlE%0d=%0d(prompt)``%0dx//,200,0,0
<DetaiLS%0dONTOGGle%09=%09[8].find(confirm)//,200,0,0
<D3v%0aONMOUsEOVeR%09=%09[8].find(confirm)//v3dm0s,200,0,0
<D3V%0dONMouSEoVer%09=%09confirm()//v3dm0s,200,1,1
<a%0dONPOinTERenteR%0a=%0a(confirm)()//v3dm0s,200,0,0
"<Details%0aONpOInTErentER+=+a=prompt,a()//",200,0,0
<A%0aONMOUSeovER%09=%09[8].find(confirm)%0dx//v3dm0s,200,0,0
<D3V%0donMouSeOvER+=+(prompt)``//v3dm0s,200,0,0
<HTmL/+/oNmOusEOvEr+=+confirm()//,200,1,1
<HTMl%09ONMOUsEoVeR%0d=%0d(confirm)()%0dx//,200,0,0
<d3v/+/onPOInTeRenTeR%0a=%0a[8].find(confirm)%0dx//v3dm0s,200,0,0
<d3v%0aoNmoUsEOver%09=%09confirm()%0dx//v3dm0s,200,1,1
<dETAilS%0aontOggLe+=+(confirm)()%0dx//,200,0,0
"<hTMl%0aonMoUSEOVeR%0a=%0aa=prompt,a()%0dx//",200,0,0
<DEtAIlS%09ONtOggLe+=+[8].find(confirm)%0dx//,200,0,0
<a/+/oNPoINterEnTeR%09=%09(confirm)()%0dx//v3dm0s,200,0,0
<HtmL%0dONmoUseOvEr%09=%09(prompt)``%0dx//,200,0,0
"<detAiLS%09Ontoggle%09=%09a=prompt,a()//",200,0,0
<HTmL%0aoNMouSeover%09=%09(prompt)``%0dx//,200,0,0
<hTMl%0donmousEoVER+=+[8].find(confirm)%0dx//,200,0,0
<d3v/+/ONmOuSeOVer%0a=%0a[8].find(confirm)//v3dm0s,200,0,0
<d3V%0dONmOuSeover+=+(confirm)()//v3dm0s,200,0,0
<d3V%09onMousEover+=+confirm()%0dx//v3dm0s,200,1,1
<dETails/+/onpOInTErENtEr%0d=%0d(prompt)``%0dx//,200,0,0
"<d3v/+/ONpoiNTERenTeR+=+a=prompt,a()//v3dm0s",200,0,0
"<HtMl%09OnmouseOvER%09=%09a=prompt,a()%0dx//",200,0,0
<A%0dONmOUSeovEr%09=%09[8].find(confirm)//v3dm0s,200,0,0
<D3V/+/OnMouSeOVeR%0a=%0aconfirm()%0dx//v3dm0s,200,1,1
<dETailS%09ontoggLE%09=%09confirm()%0dx//,200,1,1
<hTmL%0aoNmOUSEoVEr%0a=%0a(prompt)``//,200,0,0
<A/+/ONpOInTErenter+=+[8].find(confirm)%0dx//v3dm0s,200,0,0
<Html%0aOnMOUseoVer+=+confirm()%0dx//,200,1,1
<D3v%09oNpOinTEREnTEr%09=%09[8].find(confirm)//v3dm0s,200,0,0
<A%09oNPoinTERenTeR+=+(confirm)()//v3dm0s,200,0,0
<htMl%0aonpoInterEnTEr+=+(confirm)()%0dx//,200,0,0
<a%0aonpOInterenTeR%09=%09confirm()//v3dm0s,200,1,1
<hTmL/+/onPOiNTerentER+=+confirm()//,200,1,1
<HTML%09onmoUSEOvER%09=%09confirm()//,200,1,1
<DETAils/+/oNToggLe+=+confirm()%0dx//,200,1,1
<html/+/oNMoUseovER%0a=%0a(confirm)()//,200,0,0
<D3v%0doNpointeRenTeR+=+confirm()%0dx//v3dm0s,200,1,1
<a/+/onmOuseovEr+=+(prompt)``//v3dm0s,200,0,0
<a%09onmouseOveR%09=%09[8].find(confirm)%0dx//v3dm0s,200,0,0
<DeTaILs%0aOnpoInterENtEr%09=%09(confirm)()%0dx//,200,0,0
<D3V%0aoNmoUSeOvER%0d=%0dconfirm()//v3dm0s,200,1,1
<htMl%09ONMOUSeOvER+=+confirm()%0dx//,200,1,1
"<a/+/OnpoINterenTer%0d=%0da=prompt,a()%0dx//v3dm0s",200,0,0
<detaIlS%09onpOintERENter%0a=%0aconfirm()%0dx//,200,1,1
"<HtmL%09oNmOusEOvER%09=%09a=prompt,a()//",200,0,0
<D3V%0donPoINtEReNTeR%0a=%0a(confirm)()%0dx//v3dm0s,200,0,0
"<D3V%0aonpOINTEreNtER%0d=%0da=prompt,a()//v3dm0s",200,0,0
<a%0dOnMouSEovEr%09=%09confirm()%0dx//v3dm0s,200,1,1
<a%0aOnmoUSeoVer%0a=%0a(confirm)()%0dx//v3dm0s,200,0,0
<a%0donpOinteRenTeR%0a=%0aconfirm()//v3dm0s,200,1,1
<deTAilS%0doNpoINTeREnTer%0d=%0dconfirm()//,200,1,1
<D3V/+/oNPoINtErEnter%09=%09confirm()%0dx//v3dm0s,200,1,1
<d3v/+/onMoUseOver%09=%09confirm()%0dx//v3dm0s,200,1,1
<a%0aONpOInteRenTer%0a=%0a(prompt)``%0dx//v3dm0s,200,0,0
<d3V/+/oNPOinteReNTer+=+(confirm)()//v3dm0s,200,0,0
<DETAIlS%09onPoINterENTER%0a=%0a(confirm)()//,200,0,0
<D3v%09OnPOInTERenteR%09=%09confirm()%0dx//v3dm0s,200,1,1
<A%0dONPOiNteREntER+=+(prompt)``%0dx//v3dm0s,200,0,0
<A%09onpOInterEntER%09=%09(confirm)()//v3dm0s,200,0,0
<d3v/+/oNpOinteRenTEr%0a=%0aconfirm()//v3dm0s,200,1,1
<a/+/OnMOuSeOVEr+=+(prompt)``%0dx//v3dm0s,200,0,0
<dEtAiLs/+/ONPoiNtEReNTER%0a=%0a(prompt)``//,200,0,0
<dEtaILs%0aONPOInTERentER+=+(prompt)``%0dx//,200,0,0
<d3v%0donmoUsEoVEr%0a=%0aconfirm()%0dx//v3dm0s,200,1,1
<dEtAilS/+/onTOgGle%0d=%0dconfirm()%0dx//,200,1,1
"<HtMl%09OnpOinteRentEr+=+a=prompt,a()//",200,0,0
<a%09oNPOinTerEntEr%09=%09confirm()%0dx//v3dm0s,200,1,1
<html%0aOnMoUSeovEr%09=%09(confirm)()%0dx//,200,0,0
<DetAilS/+/onTOgglE%0a=%0aconfirm()//,200,1,1
<dEtailS%09OnpoINTeREntEr%09=%09(prompt)``%0dx//,200,0,0
<dETAILS%0aOnpOinTeREnTER%09=%09confirm()%0dx//,200,1,1
<HtML%0donMousEoVeR%09=%09(confirm)()//,200,0,0
<d3v%0aOnPOiNteREnter%0d=%0dconfirm()//v3dm0s,200,1,1
<D3v%09ONmOUseOvER%09=%09(prompt)``//v3dm0s,200,0,0
<D3V%09OnPOiNteRENtEr%09=%09[8].find(confirm)%0dx//v3dm0s,200,0,0
<a%0aOnpOInteRenTer+=+confirm()//v3dm0s,200,1,1
<htmL%0aONMOuSeoVer%09=%09confirm()%0dx//,200,1,1
<hTmL%0aoNMOuSeovEr%0d=%0d(confirm)()//,200,0,0
<htMl%0dONPOinTeRENTer%0d=%0d(prompt)``%0dx//,200,0,0
<d3v%0aonMOuseOvER%0d=%0dconfirm()//v3dm0s,200,1,1
<DeTails/+/onpOINtErEnteR%0a=%0aconfirm()%0dx//,200,1,1
<dEtAiLs/+/ONToggLe%0d=%0d[8].find(confirm)//,200,0,0
<d3v%09oNpoiNtErEntEr%0d=%0d[8].find(confirm)%0dx//v3dm0s,200,0,0
<detaILS/+/oNtOGGle%0a=%0aconfirm()//,200,1,1
"<D3v%0aoNpOinTEReNTEr%0a=%0aa=prompt,a()//v3dm0s",200,0,0
<d3V/+/OnmoUsEOvEr+=+(confirm)()%0dx//v3dm0s,200,0,0
<D3v/+/ONmOUSeOVER%0d=%0d[8].find(confirm)%0dx//v3dm0s,200,0,0
"<htmL/+/onmOusEovER+=+a=prompt,a()//",200,0,0
<d3V%0aONMOuSeOvER+=+(confirm)()//v3dm0s,200,0,0
<DEtaILS%0aoNpOINterENter%09=%09(prompt)``%0dx//,200,0,0
<htMl%0aOnPOInteRENTER%0d=%0d(confirm)()%0dx//,200,0,0
<DeTAiLS%09ONPoINTerENtEr%09=%09(confirm)()//,200,0,0
<D3V/+/OnpOinTeRENtER+=+confirm()%0dx//v3dm0s,200,1,1
<D3V%0aonPOINTerenTER%0d=%0dconfirm()%0dx//v3dm0s,200,1,1
<dETaIlS%09oNpoiNtERenTeR+=+(prompt)``%0dx//,200,0,0
<A%09oNmouseoVer%0d=%0dconfirm()%0dx//v3dm0s,200,1,1
<A%0aonPOInTEreNTER%0a=%0a(confirm)()%0dx//v3dm0s,200,0,0
<A%09OnpoINTErenteR+=+confirm()%0dx//v3dm0s,200,1,1
"<d3V%0aOnPoINTeRENTEr%0d=%0da=prompt,a()%0dx//v3dm0s",200,0,0
"<deTAIls%09ONtOgGLe%0a=%0aa=prompt,a()%0dx//",200,0,0
<DetaIls%0dOntOgGlE+=+(prompt)``%0dx//,200,0,0
"<HTMl/+/OnPOintEreNtER+=+a=prompt,a()%0dx//",200,0,0
<D3V%0dONpOiNtERenteR%0d=%0d[8].find(confirm)//v3dm0s,200,0,0
<detAiLS/+/OnPoINtEreNTeR+=+confirm()//,200,1,1
<HTMl/+/OnmouSeover+=+(confirm)()//,200,0,0
"<D3V/+/OnMousEoveR%09=%09a=prompt,a()//v3dm0s",200,0,0
<dETaiLS%0doNpoIntERenter%0d=%0dconfirm()%0dx//,200,1,1
<a%09OnpoinTErENTeR%0a=%0a[8].find(confirm)//v3dm0s,200,0,0
<detAiLS%0aoNtOgGlE%09=%09(prompt)``//,200,0,0
<D3v%0donPOINTeREntEr%0a=%0a(prompt)``%0dx//v3dm0s,200,0,0
"<d3V%0dOnPoiNTeReNTEr%0a=%0aa=prompt,a()%0dx//v3dm0s",200,0,0
<HtML%0aOnmOuseOVeR%0d=%0d[8].find(confirm)%0dx//,200,0,0
<DeTailS%0dOnpoIntereNTer+=+(prompt)``%0dx//,200,0,0
<htML%0dONpOIntERenTEr+=+[8].find(confirm)//,200,0,0
"<A%0aONPOinTerentEr%09=%09a=prompt,a()%0dx//v3dm0s",200,0,0
<dEtAilS/+/oNPointeRenter+=+(prompt)``//,200,0,0
<HTML/+/onPoINtERenTer%0d=%0dconfirm()//,200,1,1
"<deTAILs/+/ONpOInTerEnteR%0d=%0da=prompt,a()//",200,0,0
"<a%0aonmouSeOVER%09=%09a=prompt,a()//v3dm0s",200,0,0
<d3V%09onMousEOVer%09=%09(confirm)()%0dx//v3dm0s,200,0,0
<a%0dONmOUseOvEr%0d=%0dconfirm()//v3dm0s,200,1,1
"<DeTaIls%0aonPOINTERENtER%0d=%0da=prompt,a()%0dx//",200,0,0
<d3V%09oNPOintereNTER%09=%09confirm()%0dx//v3dm0s,200,1,1
<hTmL/+/onpOInTERENtEr+=+(prompt)``%0dx//,200,0,0
<DeTailS/+/onpOiNTerEnteR%09=%09confirm()%0dx//,200,1,1
"<d3v%09ONpoiNtERenTER%0a=%0aa=prompt,a()//v3dm0s",200,0,0
<hTmL%0dONPOintErENTEr%09=%09[8].find(confirm)//,200,0,0
<HTmL/+/ONmoUSEOVER%0a=%0aconfirm()%0dx//,200,1,1
"<d3V%0aonpOinteRENter%0a=%0aa=prompt,a()%0dx//v3dm0s",200,0,0
<D3V%09OnPoInTEReNtER+=+(confirm)()//v3dm0s,200,0,0
<hTmL%09oNmOuseOVEr%0a=%0aconfirm()//,200,1,1
"<detaIls%0donpOiNterEnTEr+=+a=prompt,a()%0dx//",200,0,0
<D3v%0dONmOuSEoVer%09=%09confirm()%0dx//v3dm0s,200,1,1
<a%0aOnpOINtEreNteR%0d=%0dconfirm()%0dx//v3dm0s,200,1,1
<A%09OnMouSeoVer%0a=%0a[8].find(confirm)//v3dm0s,200,0,0
<HtMl%09oNmouSeOveR%09=%09confirm()//,200,1,1
<hTmL%0aONpoiNTerEnTEr%0d=%0d[8].find(confirm)%0dx//,200,0,0
<A%0doNpoINTerENTer+=+(confirm)()%0dx//v3dm0s,200,0,0
<DeTailS%09oNTOGglE%0d=%0dconfirm()//,200,1,1
<hTMl%09onMOuseOVER%0a=%0a(confirm)()%0dx//,200,0,0
<HtMl%0donpOintEReNteR+=+confirm()//,200,1,1
<DeTAIls%0dOnPoiNteRenteR%09=%09confirm()//,200,1,1
<D3V%0dONmOuSeovER%0a=%0a(prompt)``%0dx//v3dm0s,200,0,0
<a%0donPOINTErenTeR+=+[8].find(confirm)//v3dm0s,200,0,0
<DEtailS/+/onpointerEnTER+=+confirm()%0dx//,200,1,1
<detAILS/+/ontOgGLE+=+(confirm)()%0dx//,200,0,0
<html%0aoNPoiNterenTeR%09=%09(prompt)``//,200,0,0
"<HTMl%0donpoINTERENtEr+=+a=prompt,a()//",200,0,0
"<HTMl%0aoNMouSEoVER%09=%09a=prompt,a()%0dx//",200,0,0
"<deTAilS%09ONPOinTEREnTEr+=+a=prompt,a()%0dx//",200,0,0
<d3V%0dONPOInTEREnTeR%0a=%0aconfirm()%0dx//v3dm0s,200,1,1
<A/+/oNpOIntERenTER%09=%09confirm()%0dx//v3dm0s,200,1,1
<Html%0aONPointeReNTER%0a=%0a(confirm)()//,200,0,0
<a%0aonMousEoVer%0a=%0aconfirm()%0dx//v3dm0s,200,1,1
<A%0aONMoUSeOver%0a=%0aconfirm()//v3dm0s,200,1,1
<a%0aonpoiNTERenter+=+(prompt)``%0dx//v3dm0s,200,0,0
<d3v/+/ONPOiNterEnTeR%0d=%0d(prompt)``//v3dm0s,200,0,0
<d3v%09OnpOinTEREnTER%0a=%0aconfirm()%0dx//v3dm0s,200,1,1
<a%09ONpoINTEreNTEr%09=%09(confirm)()%0dx//v3dm0s,200,0,0
<DEtaIlS%0aonPoINTErenTER%0d=%0d[8].find(confirm)//,200,0,0
<DEtaiLs%09OnPoInTERENTer%09=%09(prompt)``//,200,0,0
<Html%09OnpoinTErEnTEr%0a=%0a(prompt)``//,200,0,0
<html%09onMoUseOver+=+[8].find(confirm)//,200,0,0
<DeTaiLs/+/onToggLe%0d=%0d(confirm)()//,200,0,0
<d3V/+/onPointEreNTER%0a=%0a(confirm)()//v3dm0s,200,0,0
<HtMl%09onPOiNtEREntER+=+(prompt)``%0dx//,200,0,0
<A%09OnmOUseovER%0d=%0d(confirm)()//v3dm0s,200,0,0
<a%0aOnMouSeover%0a=%0a(confirm)()//v3dm0s,200,0,0
<HtMl%0doNmouseoVEr%09=%09(confirm)()%0dx//,200,0,0
<DEtAIlS/+/onTOgGle+=+[8].find(confirm)//,200,0,0
"<dETAIlS%09onpOInterenter+=+a=prompt,a()//",200,0,0
<D3V%0aoNpoiNTeReNTeR+=+confirm()//v3dm0s,200,1,1
<HTMl%0donMOuSeovER+=+(prompt)``//,200,0,0
"<d3V/+/OnmouseoVeR%0a=%0aa=prompt,a()//v3dm0s",200,0,0
<DetAIlS%0dOntogGlE%0d=%0d[8].find(confirm)%0dx//,200,0,0
<a%09OnpoINTERENTeR%0d=%0d(prompt)``%0dx//v3dm0s,200,0,0
<A%0aOnpoinTerenTER%0a=%0a[8].find(confirm)//v3dm0s,200,0,0
<d3V%0dONPointerENTer%09=%09confirm()//v3dm0s,200,1,1
<DEtaILs/+/oNToggLE%09=%09(prompt)``//,200,0,0
<D3V/+/ONmOUSEover%09=%09[8].find(confirm)//v3dm0s,200,0,0
"<A%0donMoUsEovER%0d=%0da=prompt,a()%0dx//v3dm0s",200,0,0
<HTML%0aonMouseOvEr%0a=%0aconfirm()%0dx//,200,1,1
<dEtAilS%0aOnpOINTERENter%0d=%0d(confirm)()//,200,0,0
<D3V%09OnMousEOveR%0a=%0aconfirm()%0dx//v3dm0s,200,1,1
<htmL/+/OnmouSeOVEr%0a=%0a[8].find(confirm)%0dx//,200,0,0
<dETaiLs%09ONtOGGlE%09=%09[8].find(confirm)//,200,0,0
<dEtAILs%0dONTogglE%09=%09confirm()%0dx//,200,1,1
"<d3v/+/OnMouSEoVeR+=+a=prompt,a()%0dx//v3dm0s",200,0,0
"<HtmL%0aOnmoUseover%0d=%0da=prompt,a()%0dx//",200,0,0
<dETAilS/+/oNTOGgLe+=+(confirm)()//,200,0,0
"<a%0aoNpOinTERENtER%09=%09a=prompt,a()//v3dm0s",200,0,0
<HtML%0dOnpoInTEREnter%09=%09(confirm)()%0dx//,200,0,0
"<d3V%09ONPointEREntER%0d=%0da=prompt,a()%0dx//v3dm0s",200,0,0
<d3V%09ONpoINteReNTER%0d=%0d(prompt)``%0dx//v3dm0s,200,0,0
<d3V/+/oNmOusEoVEr+=+[8].find(confirm)%0dx//v3dm0s,200,0,0
"<hTML/+/ONpoiNteRenTER%09=%09a=prompt,a()//",200,0,0
"<dETAilS%0dONtOgGLE+=+a=prompt,a()//",200,0,0
<D3v%0aOnMoUSeoVer%0a=%0aconfirm()//v3dm0s,200,1,1
<DetAilS%0aontOGGLE%0a=%0a[8].find(confirm)%0dx//,200,0,0
<D3v%0dOnmOuSEovER%0a=%0a(prompt)``//v3dm0s,200,0,0
<deTaIls%0aontoGGLE+=+[8].find(confirm)//,200,0,0
<DetAILS%09ONToGgLE%09=%09confirm()//,200,1,1
<a%0aoNpoINTErENtER%0a=%0a[8].find(confirm)%0dx//v3dm0s,200,0,0
<DeTAilS%0aontoGGLE%0a=%0aconfirm()%0dx//,200,1,1
<a%0aoNmoUsEOvEr%09=%09(confirm)()//v3dm0s,200,0,0
<d3V%0aoNmoUseoveR%0d=%0dconfirm()%0dx//v3dm0s,200,1,1
<DEtailS%0aOnToGGlE%09=%09confirm()//,200,1,1
<HTML%0aONMoUSeoVer%0a=%0aconfirm()%0dx//,200,1,1
<D3V%0donpoInTerENtEr+=+(prompt)``%0dx//v3dm0s,200,0,0
<a/+/ONMOUSeovER+=+confirm()%0dx//v3dm0s,200,1,1
<HtMl%0donPOinTerENTer%0d=%0d[8].find(confirm)%0dx//,200,0,0
<D3V/+/OnMoUseover%09=%09confirm()//v3dm0s,200,1,1
<D3v%0dOnmOUsEovER%0d=%0dconfirm()%0dx//v3dm0s,200,1,1
<D3v%0dONPoinTeReNTer%0d=%0d(confirm)()//v3dm0s,200,0,0
<HtmL%0aONmOuSEoVEr%0d=%0dconfirm()%0dx//,200,1,1
<detaILs%0doNtOGgle+=+(confirm)()%0dx//,200,0,0
<D3V%09ONMOuseovEr%0a=%0a(confirm)()%0dx//v3dm0s,200,0,0
"<dEtaIlS%0aOnTogGlE%09=%09a=prompt,a()%0dx//",200,0,0
<DETaiLs%09onPointErenTer%0a=%0a[8].find(confirm)//,200,0,0
<dETaiLs%09ONtoggLe%0d=%0dconfirm()%0dx//,200,1,1
<HTmL%0aoNpOiNTeRENTER%09=%09(prompt)``%0dx//,200,0,0
"<A/+/onpOINTerENtEr%09=%09a=prompt,a()//v3dm0s",200,0,0
<HTmL%0dOnmOUSEoVEr%0a=%0aconfirm()%0dx//,200,1,1
<dEtAiLS%09OnPoINTeRenTEr+=+confirm()//,200,1,1
"<D3V/+/onmOuSeOVer%0a=%0aa=prompt,a()%0dx//v3dm0s",200,0,0
<DeTAils%09OntOGGLE+=+confirm()%0dx//,200,1,1
"<deTails%0dONpoInTErENTer%0a=%0aa=prompt,a()%0dx//",200,0,0
<D3v/+/onpointeREnteR+=+[8].find(confirm)//v3dm0s,200,0,0
<htML%0dONpoINTerENTer%0d=%0d(confirm)()%0dx//,200,0,0
"<Html%0dONpOInTErentEr%09=%09a=prompt,a()//",200,0,0
"<DeTailS%09ontoggle%0d=%0da=prompt,a()//",200,0,0
"<htMl%09oNPOintereNter%09=%09a=prompt,a()%0dx//",200,0,0
"<html%0dOnmoUsEover+=+a=prompt,a()//",200,0,0
<A%09oNMouSEOver%0a=%0a(confirm)()%0dx//v3dm0s,200,0,0
<d3v%09oNMouSeOVER%09=%09[8].find(confirm)//v3dm0s,200,0,0
<deTAIlS%0dONPOintERenter%0a=%0a(confirm)()//,200,0,0
<dEtAIlS%0aOntOgGle%09=%09[8].find(confirm)//,200,0,0
<dETails%09OnTogGle%0a=%0aconfirm()//,200,1,1
"<a/+/OnPoINTereNTER+=+a=prompt,a()//v3dm0s",200,0,0
<A/+/onmOuSeOVER+=+(confirm)()%0dx//v3dm0s,200,0,0
"<D3V%0doNPOiNTeRENTeR+=+a=prompt,a()//v3dm0s",200,0,0
<A%09OnmousEOVeR+=+confirm()//v3dm0s,200,1,1
<hTmL%09ONpoINterEnter%0d=%0d(prompt)``%0dx//,200,0,0
<a%0dONMouSEoVer+=+confirm()//v3dm0s,200,1,1
<A%09ONpOINTerenTER+=+(confirm)()%0dx//v3dm0s,200,0,0
<A%0aonpoInTeRenter%0d=%0d[8].find(confirm)%0dx//v3dm0s,200,0,0
<DETaILS%0doNtOgGle%09=%09(prompt)``//,200,0,0
<D3V/+/ONpoiNtERENTER%09=%09confirm()%0dx//v3dm0s,200,1,1
<HtMl%0dOnpOINtERenter%09=%09[8].find(confirm)%0dx//,200,0,0
<d3V%09onPOIntEREnTER%0a=%0aconfirm()//v3dm0s,200,1,1
<D3V%0donPointeREnTer%0d=%0d(confirm)()%0dx//v3dm0s,200,0,0
<D3v/+/OnpoiNTeRENTEr%09=%09(confirm)()//v3dm0s,200,0,0
<d3v%09oNPOIntErentER%09=%09confirm()//v3dm0s,200,1,1
<d3V%0aoNpOinTEReNTEr%0a=%0a(confirm)()//v3dm0s,200,0,0
<d3v%0donPointeRENteR%09=%09(confirm)()//v3dm0s,200,0,0
<d3V%0dONpOinteREnTER+=+confirm()%0dx//v3dm0s,200,1,1
<HtMl%0aONmOUsEovER%0d=%0d(prompt)``%0dx//,200,0,0
<dETAILS%0donTOgGlE%0d=%0d(confirm)()%0dx//,200,0,0
<D3V/+/oNPoINtERENtEr%0d=%0dconfirm()%0dx//v3dm0s,200,1,1
<A%0aonPoINTerENtEr%0d=%0d(confirm)()%0dx//v3dm0s,200,0,0
<DeTAIlS%0aOnPOintEREnTer%09=%09confirm()//,200,1,1
<deTAilS%0aOnToGGle%0d=%0dconfirm()%0dx//,200,1,1
<a%0aONMOuSeovEr+=+(prompt)``%0dx//v3dm0s,200,0,0
<DETaiLS/+/ONpOiNtErEnter%0d=%0d(confirm)()//,200,0,0
<a%09oNpOinTeRENtER%0a=%0a(prompt)``//v3dm0s,200,0,0
<deTAIlS%09onPoinTERENtEr%0d=%0d(confirm)()%0dx//,200,0,0
"<D3V%0dONmouSeOvEr%0d=%0da=prompt,a()//v3dm0s",200,0,0
<HTMl/+/ONmOUsEOVeR%09=%09[8].find(confirm)//,200,0,0
<dETails%09onPoINterENtEr%09=%09confirm()//,200,1,1
<A%09OnmoUSeOVER+=+confirm()%0dx//v3dm0s,200,1,1
<HtmL%0dOnmoUsEoVer%0d=%0dconfirm()//,200,1,1
<d3v%0doNMoUseoVER+=+confirm()//v3dm0s,200,1,1
"<d3v%0doNpOinterenTer%0a=%0aa=prompt,a()//v3dm0s",200,0,0
<dETAIlS/+/onpoiNTERENTEr+=+[8].find(confirm)%0dx//,200,0,0
<hTML%09OnMoUSeovER%09=%09confirm()%0dx//,200,1,1
<dEtAiLS%0doNPoiNterENTER%0a=%0aconfirm()//,200,1,1
<d3v%0donPoInterEnTEr+=+(prompt)``//v3dm0s,200,0,0
<a%09OnPOInteREnTEr%09=%09confirm()//v3dm0s,200,1,1
<HTml%09onpoiNteREnTEr+=+(prompt)``//,200,0,0
<D3V/+/OnMOUsEOver+=+confirm()//v3dm0s,200,1,1
<A/+/oNmOUseoveR%09=%09(confirm)()%0dx//v3dm0s,200,0,0
"<dEtailS%09ONToGGle+=+a=prompt,a()%0dx//",200,0,0
"<a/+/oNPoINTereNtER+=+a=prompt,a()%0dx//v3dm0s",200,0,0
<DEtails%0dONtOgglE%09=%09(prompt)``%0dx//,200,0,0
<D3V%09oNpOIntEReNtER+=+[8].find(confirm)//v3dm0s,200,0,0
<A%09ONpOiNTErenTer%0d=%0dconfirm()//v3dm0s,200,1,1
"<hTML%09onPointEreNTer%0d=%0da=prompt,a()//",200,0,0
<a%0doNMOuseoveR%0d=%0d[8].find(confirm)%0dx//v3dm0s,200,0,0
<a%0aoNpointereNTeR+=+(prompt)``//v3dm0s,200,0,0
<a%0dONMoUSeOVer+=+(prompt)``%0dx//v3dm0s,200,0,0
"<DeTails%0aOnpoiNterEnter+=+a=prompt,a()%0dx//",200,0,0
"<html/+/OnpOiNtEReNter+=+a=prompt,a()//",200,0,0
"<A%0doNMOusEOVEr%0a=%0aa=prompt,a()//v3dm0s",200,0,0
<d3v%0aONpoIntEreNter%09=%09(prompt)``%0dx//v3dm0s,200,0,0
"<HTML%0aonPointeReNTeR%09=%09a=prompt,a()%0dx//",200,0,0
<htMl%0aonmOuSeOver+=+(prompt)``//,200,0,0
<A%09onMOUseover%0a=%0a(prompt)``%0dx//v3dm0s,200,0,0
<HtmL%0donMoUsEOvEr%0d=%0dconfirm()%0dx//,200,1,1
<Details/+/onTOGgLE%09=%09(confirm)()//,200,0,0
<D3V%0dOnPOInTeRentEr+=+confirm()//v3dm0s,200,1,1
<dETailS%0aOnpoINteReNTer%0d=%0d[8].find(confirm)%0dx//,200,0,0
<D3V%0aoNMouSEoVer+=+(confirm)()%0dx//v3dm0s,200,0,0
<A%09onmoUsEovER%09=%09(confirm)()%0dx//v3dm0s,200,0,0
"<d3V/+/OnpOINtErENTER%0d=%0da=prompt,a()%0dx//v3dm0s",200,0,0
<dETaiLs%0dONtoGglE+=+confirm()//,200,1,1
<d3v%0doNpOINTeReNTeR%0d=%0dconfirm()%0dx//v3dm0s,200,1,1
<d3V%09onMouSEOVer%09=%09confirm()//v3dm0s,200,1,1
<HtmL/+/ONPOinTeRenTEr%0d=%0d(prompt)``//,200,0,0
<A%0aonMouSEOvEr%09=%09[8].find(confirm)//v3dm0s,200,0,0
<a%0aOnmOusEover%09=%09confirm()//v3dm0s,200,1,1
"<HtmL%0donPOiNTerEnTeR%0d=%0da=prompt,a()//",200,0,0
<D3v/+/OnMOUseOVEr%0d=%0dconfirm()%0dx//v3dm0s,200,1,1
<htmL%0aONMOUSEovER%0a=%0a(confirm)()%0dx//,200,0,0
<D3V%09ONPoiNTErenTeR%0d=%0d[8].find(confirm)//v3dm0s,200,0,0
<a%0aonPOINteReNTer%0d=%0dconfirm()%0dx//v3dm0s,200,1,1
<hTMl%09OnmOuSeOvEr%0d=%0d(prompt)``%0dx//,200,0,0
<Html/+/ONMOusEOVer%09=%09(confirm)()%0dx//,200,0,0
"<a%0donPOiNtERenTeR%09=%09a=prompt,a()//v3dm0s",200,0,0
<html/+/onPOinTerENTeR%0d=%0d(confirm)()//,200,0,0
<d3V/+/oNMouSeoVER%09=%09[8].find(confirm)%0dx//v3dm0s,200,0,0
<D3v%09oNPoiNteRenter+=+confirm()//v3dm0s,200,1,1
<d3v%09onMOuseOVeR+=+confirm()//v3dm0s,200,1,1
<D3v/+/OnmOuseOVer+=+(confirm)()//v3dm0s,200,0,0
<a/+/oNmOUseOVER%0a=%0a[8].find(confirm)%0dx//v3dm0s,200,0,0
<a%0dONPoInTEReNtER%0d=%0d(confirm)()%0dx//v3dm0s,200,0,0
<DeTailS%09oNTOgGle%0a=%0aconfirm()//,200,1,1
"<hTml%09onMOuseOvER%0a=%0aa=prompt,a()//",200,0,0
"<D3v%0aonPoiNTEReNteR+=+a=prompt,a()//v3dm0s",200,0,0
"<d3V/+/onPoINtEreNTeR%0d=%0da=prompt,a()//v3dm0s",200,0,0
<Details%0dONPOiNTErEnter+=+confirm()//,200,1,1
<html%09OnmoUseOvEr%0a=%0a(prompt)``%0dx//,200,0,0
"<detaILS%0aOnTOggLe%0d=%0da=prompt,a()//",200,0,0
<HTML%0aONPoiNtErentEr+=+confirm()%0dx//,200,1,1
<htmL%09oNPOinteREnTER+=+[8].find(confirm)//,200,0,0
<DEtAIlS%09ontogGLE%0d=%0d(confirm)()//,200,0,0
<a/+/ONpOIntERenter%0a=%0aconfirm()%0dx//v3dm0s,200,1,1
<hTML/+/oNPOiNtEReNteR%09=%09[8].find(confirm)%0dx//,200,0,0
<DetAiLs%0dOnTogGlE%09=%09(confirm)()//,200,0,0
<hTmL%09ONpOINteRENTer%0d=%0d(confirm)()//,200,0,0
<D3V%0aONmousEOveR%0d=%0d[8].find(confirm)//v3dm0s,200,0,0
<DeTaILS%0dONpoInterEnTeR%0d=%0d(confirm)()//,200,0,0
<dEtaIls/+/OnpOiNtEReNter%0a=%0aconfirm()//,200,1,1
<a%0dONpoINTERenTEr+=+confirm()%0dx//v3dm0s,200,1,1
<D3V/+/OnmouSEOVER%0a=%0a(prompt)``//v3dm0s,200,0,0
<HTml%0aonpOiNTErEnTEr%0a=%0a(prompt)``%0dx//,200,0,0
"<htMl%09ONPoinTEREnter%0a=%0aa=prompt,a()%0dx//",200,0,0
<d3v%0doNmouSeOvEr+=+confirm()//v3dm0s,200,1,1
<a%09OnMousEoVer%09=%09confirm()//v3dm0s,200,1,1
<A%0aONMOUseOVeR+=+confirm()%0dx//v3dm0s,200,1,1
<hTmL%0aoNpoinTEREnteR%0a=%0aconfirm()%0dx//,200,1,1
"<D3v%0aONpoInTErEnter+=+a=prompt,a()%0dx//v3dm0s",200,0,0
<hTml%09OnPOINtERENtEr+=+confirm()//,200,1,1
"<DeTaiLS%09OnPoinTereNTEr%0a=%0aa=prompt,a()%0dx//",200,0,0
"<A/+/onmoUsEoveR%0a=%0aa=prompt,a()%0dx//v3dm0s",200,0,0
<deTAILs%09OnPoINTEreNTER%0a=%0a(prompt)``%0dx//,200,0,0
<htML%09oNpoiNTeREntEr+=+(confirm)()%0dx//,200,0,0
<d3v%0aONpoiNteReNTeR+=+[8].find(confirm)//v3dm0s,200,0,0
"<a%0aOnMoUsEoVer%0d=%0da=prompt,a()%0dx//v3dm0s",200,0,0
<A/+/OnPOInTErENter%09=%09[8].find(confirm)//v3dm0s,200,0,0
"<Html%0dOnmOUSeOveR%09=%09a=prompt,a()//",200,0,0
"<dEtAilS%0dOntOgGle%0d=%0da=prompt,a()%0dx//",200,0,0
<hTmL%0aonpoiNTErenteR%0a=%0aconfirm()//,200,1,1
<DETailS/+/ONToggle%0d=%0d[8].find(confirm)%0dx//,200,0,0
<d3v%0aOnPoInTerenter+=+(prompt)``//v3dm0s,200,0,0
<d3V%09OnMouSEOVEr%0a=%0aconfirm()%0dx//v3dm0s,200,1,1
<D3V%0aONPoIntErENTEr%09=%09confirm()//v3dm0s,200,1,1
<DEtAILs/+/OnTOgGLE+=+confirm()//,200,1,1
<D3v%09oNmOUseOVEr+=+confirm()//v3dm0s,200,1,1
<a%0aOnMOuseOVeR+=+confirm()//v3dm0s,200,1,1
<HTMl%0aonpoiNterENteR%0d=%0dconfirm()//,200,1,1
<a%09ONPOINtErentER%0d=%0dconfirm()//v3dm0s,200,1,1
"<A/+/ONpointerEnteR%0a=%0aa=prompt,a()//v3dm0s",200,0,0
<D3v%0dONmoUSEOveR%0a=%0a[8].find(confirm)//v3dm0s,200,0,0
<a/+/onpoinTErentER%0a=%0a(prompt)``%0dx//v3dm0s,200,0,0
<htMl%0aOnmOUSEovEr%09=%09[8].find(confirm)%0dx//,200,0,0
<HtML%09oNPOINTeRENTeR+=+confirm()%0dx//,200,1,1
<hTml/+/OnMoUSeOVEr%0d=%0d[8].find(confirm)//,200,0,0
<htmL%0aoNPoiNterentEr%09=%09[8].find(confirm)%0dx//,200,0,0
"<DETaIls%09OnPoInterenter%0d=%0da=prompt,a()%0dx//",200,0,0
<dEtAils%0aontoGGLe%0d=%0d[8].find(confirm)//,200,0,0
<DeTAiLS%0donToggle+=+confirm()%0dx//,200,1,1
<D3v%09ONmouseOVER%0d=%0d(confirm)()%0dx//v3dm0s,200,0,0
<d3v%0dONPOINtereNter%0a=%0a[8].find(confirm)//v3dm0s,200,0,0
<hTmL%09ONMOUSEOvEr%0a=%0aconfirm()%0dx//,200,1,1
<a%0doNmOuseOveR+=+(prompt)``//v3dm0s,200,0,0
<A%0aonMOUsEOvER%0d=%0d(prompt)``//v3dm0s,200,0,0
<detaiLs%0aoNPoIntErenter%0a=%0aconfirm()%0dx//,200,1,1
<HTmL/+/onmOuseOVEr%0d=%0dconfirm()//,200,1,1
<dETAILs%0dONTOGGLE%0a=%0a(prompt)``%0dx//,200,0,0
<A%09OnpOInteRENTeR%0a=%0aconfirm()//v3dm0s,200,1,1
"<HTmL%0aONMouSEovER%0a=%0aa=prompt,a()//",200,0,0
<A%09oNPoiNTErEnTeR%09=%09confirm()//v3dm0s,200,1,1
"<DEtAILs/+/oNToggLe%0a=%0aa=prompt,a()//",200,0,0
"<HTmL%09oNmOUsEovEr+=+a=prompt,a()//",200,0,0
<D3V%0aonPoINTEREnter%0d=%0dconfirm()//v3dm0s,200,1,1
"<d3V%09oNMoUSEovER%0a=%0aa=prompt,a()//v3dm0s",200,0,0
"<A%0donpoiNterEnteR+=+a=prompt,a()%0dx//v3dm0s",200,0,0
<deTAILS%0dONPOINTErENTER%09=%09confirm()//,200,1,1
<D3v%0dONMouSEoVer%09=%09(prompt)``//v3dm0s,200,0,0
<d3V/+/oNPoINterEntER%0d=%0dconfirm()%0dx//v3dm0s,200,1,1
<A/+/onmouSeOvEr+=+confirm()//v3dm0s,200,1,1
<deTaiLS%0dOnTOGGle%09=%09[8].find(confirm)%0dx//,200,0,0
<d3v/+/oNMoUsEOVEr%0a=%0a(confirm)()%0dx//v3dm0s,200,0,0
<HtML%0aoNPoiNteReNTer%0a=%0aconfirm()%0dx//,200,1,1
<D3V%09onPOIntErEntEr%0d=%0d(confirm)()//v3dm0s,200,0,0
<htMl/+/ONPOInterEntER%0d=%0d(confirm)()%0dx//,200,0,0
<DeTAILS%09onTOggLe%0d=%0d(confirm)()%0dx//,200,0,0
<D3v/+/OnpOiNTeRentEr%09=%09(confirm)()%0dx//v3dm0s,200,0,0
<HTML%09OnmoUSeovER%0a=%0a[8].find(confirm)%0dx//,200,0,0
<a%09OnMouSeOVEr%0a=%0aconfirm()//v3dm0s,200,1,1
<HTML%09oNPoiNteRENtEr%09=%09(confirm)()//,200,0,0
<DETAIlS%09ONPOINTEreNTER%0d=%0d(prompt)``//,200,0,0
<htMl%0doNmOUseover%0a=%0aconfirm()//,200,1,1
<html%0aoNpointEReNTER%09=%09(confirm)()%0dx//,200,0,0
<HTMl%0dOnMOUsEOVER%09=%09confirm()%0dx//,200,1,1
<d3v%0dONmouseovEr%0a=%0a[8].find(confirm)%0dx//v3dm0s,200,0,0
<D3V%09onmoUSEOVEr%0a=%0a(confirm)()//v3dm0s,200,0,0
<a%09OnpoinTeREnTeR%0d=%0d[8].find(confirm)%0dx//v3dm0s,200,0,0
<D3V/+/OnMouseoVER%09=%09confirm()//v3dm0s,200,1,1
<D3v/+/OnpOiNteRENtEr+=+confirm()%0dx//v3dm0s,200,1,1
<DeTAilS%0aontOgGLe+=+(confirm)()//,200,0,0
<DETaILs/+/OnPoINTeREntEr%09=%09confirm()//,200,1,1
<d3v/+/OnmouSeovER%0d=%0d(confirm)()%0dx//v3dm0s,200,0,0
<d3V%09oNmOuseoVEr%0a=%0a(prompt)``//v3dm0s,200,0,0
<hTML/+/onMOUSeoVer%0d=%0d(prompt)``%0dx//,200,0,0
<dETAILS%0aoNtogGle%0d=%0d(confirm)()%0dx//,200,0,0
<a%09ONPoInTErEnTer%0a=%0aconfirm()%0dx//v3dm0s,200,1,1
"<a%0doNpOINTereNtEr+=+a=prompt,a()//v3dm0s",200,0,0
<a%0aONPoiNTErEnTER%0a=%0a(confirm)()//v3dm0s,200,0,0
<DeTAils%09onToGGle+=+confirm()%0dx//,200,1,1
<hTmL%09ONpOiNteRenTeR+=+[8].find(confirm)%0dx//,200,0,0
<DetaIlS/+/onpoINtereNTer%0a=%0a(confirm)()//,200,0,0
<DEtAIls/+/OnpoiNteReNTer%09=%09(prompt)``//,200,0,0
<d3v%09onpOIntEReNtER%09=%09confirm()//v3dm0s,200,1,1
<HTML%0donMOuSEOvER%09=%09[8].find(confirm)//,200,0,0
"<DETaiLS%0donPOiNtEREnTeR%0a=%0aa=prompt,a()//",200,0,0
"<a%09onPOiNteRENTEr+=+a=prompt,a()%0dx//v3dm0s",200,0,0
"<DetAILS%0dONtOgglE%09=%09a=prompt,a()%0dx//",200,0,0
<d3V/+/ONpoINTErenTeR%09=%09confirm()//v3dm0s,200,1,1
<d3V%0dONPointeREntEr%0d=%0dconfirm()//v3dm0s,200,1,1
<A%09ONMOuseover%0d=%0d(prompt)``%0dx//v3dm0s,200,0,0
<detaIls%0aOnTogGlE+=+confirm()%0dx//,200,1,1
<DEtAIlS/+/onpoINTeREnTER%09=%09(prompt)``%0dx//,200,0,0
<dEtAIls/+/OnPOINtERentEr%09=%09(confirm)()//,200,0,0
<A%09oNpoiNTEREnTer+=+[8].find(confirm)%0dx//v3dm0s,200,0,0
<A%0aOnMouSeoveR%0d=%0dconfirm()%0dx//v3dm0s,200,1,1
<d3v%09OnPoINtERenteR+=+[8].find(confirm)%0dx//v3dm0s,200,0,0
"<HTmL%09onMouseovEr%0d=%0da=prompt,a()//",200,0,0
<Html%0donmouSeoveR%0a=%0a[8].find(confirm)//,200,0,0
<htMl%0aoNPointErenteR+=+[8].find(confirm)%0dx//,200,0,0
<detaiLS/+/onTogGlE+=+confirm()%0dx//,200,1,1
<a%0aonPoInTeReNTEr%0a=%0aconfirm()//v3dm0s,200,1,1
<DEtailS%0aONtogGLe%0a=%0a(prompt)``//,200,0,0
<HTmL/+/onPoInTerEnTER%0a=%0aconfirm()%0dx//,200,1,1
<htMl%0doNPoiNtErenTer%0d=%0dconfirm()//,200,1,1
<HTMl%0doNpOInterenTer+=+(prompt)``%0dx//,200,0,0
<HTml%0donmoUSeoVER%0d=%0dconfirm()//,200,1,1
<DEtAiLs%09oNToGGLe%09=%09(prompt)``//,200,0,0
<HtmL/+/oNPOINTeReNtEr%09=%09[8].find(confirm)//,200,0,0
<html%0aoNPointERENtER%09=%09[8].find(confirm)//,200,0,0
<dEtAILS%09onTOGGLe%0a=%0aconfirm()%0dx//,200,1,1
"<hTML%09OnpoiNTERENTEr%09=%09a=prompt,a()//",200,0,0
<dETAiLs%0aONtogGlE%0d=%0dconfirm()%0dx//,200,1,1
"<A%0donPOInteRENTer%0d=%0da=prompt,a()%0dx//v3dm0s",200,0,0
<D3v/+/OnMOUseOVEr%0d=%0dconfirm()//v3dm0s,200,1,1
<dETaILS%09oNtOGgle%0d=%0dconfirm()%0dx//,200,1,1
"<hTMl%0aONPOINtEREnteR%0a=%0aa=prompt,a()//",200,0,0
<A/+/oNPoInTEREnTER%0d=%0d(confirm)()//v3dm0s,200,0,0
<deTaiLS%09OnPoiNTerenTeR%0d=%0dconfirm()//,200,1,1
<HTML/+/oNpoInTErENTer+=+confirm()%0dx//,200,1,1
<hTML%09onmOUseOVEr%0a=%0a[8].find(confirm)//,200,0,0
<HTml%0dONPOINTeRenter%0a=%0aconfirm()//,200,1,1
<a%0aoNMOUseOvEr%09=%09confirm()%0dx//v3dm0s,200,1,1
<htmL/+/OnMouSEOVER%0a=%0aconfirm()//,200,1,1
"<D3v/+/onmOUSeOVeR%0d=%0da=prompt,a()%0dx//v3dm0s",200,0,0
<hTMl%09oNpoIntERenTeR%09=%09[8].find(confirm)//,200,0,0
"<A%09onMOUSeOvER%0a=%0aa=prompt,a()%0dx//v3dm0s",200,0,0
"<htmL%0doNpOInTeREnTer%0d=%0da=prompt,a()%0dx//",200,0,0
<DEtAIls%09OnpOiNteRenTEr%0a=%0aconfirm()//,200,1,1
<hTmL/+/onMOuSeOVeR%0d=%0d(confirm)()%0dx//,200,0,0
<html%09onmOUSEOVer%0d=%0dconfirm()//,200,1,1
<HtmL%09OnpointERENtER%0a=%0aconfirm()//,200,1,1
<HTmL%0aonPOiNtEREnTER+=+(prompt)``%0dx//,200,0,0
<D3v/+/ONMouSEoVER%0a=%0aconfirm()//v3dm0s,200,1,1
<a/+/ONpoiNTErENTEr+=+confirm()%0dx//v3dm0s,200,1,1
<A/+/oNmOusEOVeR%0a=%0aconfirm()%0dx//v3dm0s,200,1,1
<dEtAIlS%09onpOinTeRenTer%09=%09(confirm)()%0dx//,200,0,0
<a/+/onPOinTEreNTeR%0a=%0a[8].find(confirm)//v3dm0s,200,0,0
<d3V%0donmOuSeovEr%0d=%0d[8].find(confirm)//v3dm0s,200,0,0
<dEtAILS%0aOnPOiNteRentER%0d=%0d(prompt)``//,200,0,0
<D3V%0dONPOinTeRenter%09=%09(prompt)``%0dx//v3dm0s,200,0,0
<HTML%09onMOuseoveR+=+(prompt)``//,200,0,0
<HtML%09OnmoUsEOVEr%09=%09(prompt)``//,200,0,0
"<Html%0donPOINTereNTeR+=+a=prompt,a()%0dx//",200,0,0
<HtMl/+/onmousEOVER%09=%09confirm()//,200,1,1
<deTaiLs%0aOntoggle%09=%09[8].find(confirm)%0dx//,200,0,0
<DEtaiLs%09ONtOggLe%09=%09confirm()%0dx//,200,1,1
<htMl/+/onPOInTeReNter%0a=%0aconfirm()%0dx//,200,1,1
"<dEtAilS%0aontOgGLE+=+a=prompt,a()//",200,0,0
<d3V%09OnmoUSEOver+=+[8].find(confirm)//v3dm0s,200,0,0
<D3V%09oNpOINTerenTEr%0d=%0d(prompt)``//v3dm0s,200,0,0
<d3V%0aONMOuseOVER%0d=%0d(prompt)``%0dx//v3dm0s,200,0,0
<DetaiLs%0doNtoGglE%0d=%0d(confirm)()//,200,0,0
<HTml/+/onmOuSEoVer+=+[8].find(confirm)%0dx//,200,0,0
"<d3V%0aoNpoInteREnteR%09=%09a=prompt,a()%0dx//v3dm0s",200,0,0
<D3v/+/onpOiNteREntEr%0a=%0a(prompt)``%0dx//v3dm0s,200,0,0
<a/+/ONmoUsEover%0d=%0dconfirm()//v3dm0s,200,1,1
<a/+/ONpOInTerENter%0d=%0d[8].find(confirm)%0dx//v3dm0s,200,0,0
"<htMl/+/OnpoINTErENTEr%09=%09a=prompt,a()%0dx//",200,0,0
"<hTML%0donmouSeovEr%0d=%0da=prompt,a()//",200,0,0
<A/+/OnPoinTeREnTeR%09=%09confirm()%0dx//v3dm0s,200,1,1
"<DetaILS%0aoNTogGLe+=+a=prompt,a()%0dx//",200,0,0
<A%0aONmoUseOVER+=+[8].find(confirm)%0dx//v3dm0s,200,0,0
<D3V%09onPoIntERenTEr+=+(prompt)``%0dx//v3dm0s,200,0,0
<a%09ONmousEOVEr%0d=%0d[8].find(confirm)%0dx//v3dm0s,200,0,0
<D3v%09oNpOINTeReNtEr%09=%09(confirm)()//v3dm0s,200,0,0
<A/+/onMOUSeoVer%0a=%0a[8].find(confirm)//v3dm0s,200,0,0
<HtMl/+/onmOuSeoveR+=+confirm()%0dx//,200,1,1
<D3V/+/oNmOusEoVEr%0d=%0d[8].find(confirm)//v3dm0s,200,0,0
<d3v%0aONMoUSeOvER%09=%09confirm()%0dx//v3dm0s,200,1,1
<D3V%09oNPOInTerenTER%0a=%0a(prompt)``//v3dm0s,200,0,0
<D3v%0aoNmouSeOvEr%09=%09[8].find(confirm)%0dx//v3dm0s,200,0,0
<D3v%0aONpOINtErEntEr%09=%09confirm()%0dx//v3dm0s,200,1,1
<a/+/OnMOusEovEr%0d=%0d(prompt)``%0dx//v3dm0s,200,0,0
<a%0dONMOUSeovEr%0d=%0d(confirm)()//v3dm0s,200,0,0
<htmL%0dOnPOINteReNtEr%09=%09confirm()%0dx//,200,1,1
"<dETAIls%09OnTogGle%0a=%0aa=prompt,a()//",200,0,0
<a/+/ONMouSeOvEr%09=%09[8].find(confirm)%0dx//v3dm0s,200,0,0
<DeTaILS%0dOnPoINTerenTER%0d=%0d[8].find(confirm)//,200,0,0
<D3v/+/onmOuSeovER%0a=%0a(confirm)()//v3dm0s,200,0,0
<A%09ONpOInTEReNteR+=+confirm()//v3dm0s,200,1,1
<a/+/ONmOuSEOVER%0a=%0aconfirm()//v3dm0s,200,1,1
<a/+/ONmousEOveR%09=%09confirm()//v3dm0s,200,1,1
"<hTML/+/OnpoINteRENter%0a=%0aa=prompt,a()//",200,0,0
<a%09OnMOUSeoVER+=+confirm()%0dx//v3dm0s,200,1,1
<dEtailS/+/OntogglE%09=%09confirm()%0dx//,200,1,1
<a%0aonmousEOvEr+=+(confirm)()//v3dm0s,200,0,0
<detaIls%09ONToGGlE%09=%09(confirm)()//,200,0,0
<DETAIlS%0dontOgGLE%0d=%0d(prompt)``%0dx//,200,0,0
<D3v%0dONmousEOVER%0a=%0a(confirm)()%0dx//v3dm0s,200,0,0
<a/+/onPoInterENteR%0d=%0d(prompt)``%0dx//v3dm0s,200,0,0
<a%0dOnPoINterENTEr+=+[8].find(confirm)%0dx//v3dm0s,200,0,0
<d3v%0dONMouSeovER+=+[8].find(confirm)//v3dm0s,200,0,0
<A/+/oNMOuseovER%0d=%0d(prompt)``//v3dm0s,200,0,0
<htML%0dOnPointeReNTER%0a=%0aconfirm()%0dx//,200,1,1
<detaiLS%09ONPoinTeRenTeR%0a=%0a(prompt)``//,200,0,0
<DETAIlS/+/oNPOintErenter%0d=%0d[8].find(confirm)//,200,0,0
<dETAIls/+/ontOgGLE%0d=%0dconfirm()%0dx//,200,1,1
"<d3v%09oNPOiNTeReNter+=+a=prompt,a()%0dx//v3dm0s",200,0,0
<DetAIls%0aontoGGLe%0d=%0d(confirm)()//,200,0,0
<DeTAIls%09oNtoggle+=+[8].find(confirm)//,200,0,0
<HTmL%09OnpointerEnTeR%09=%09confirm()//,200,1,1
<dEtAILS%0aONPoInteReNTeR%09=%09confirm()%0dx//,200,1,1
<DETAILS%0donPOIntEReNTer%0d=%0dconfirm()%0dx//,200,1,1
<d3v%0aonPointEREnteR%0d=%0d(confirm)()//v3dm0s,200,0,0
"<D3v%0aONmOUSeoVER%0d=%0da=prompt,a()%0dx//v3dm0s",200,0,0
<htMl%0aOnmouSeOVER%0a=%0aconfirm()//,200,1,1
<detaiLs/+/onToGGlE%0a=%0aconfirm()%0dx//,200,1,1
"<HTmL/+/ONmOuseOver%0a=%0aa=prompt,a()//",200,0,0
<A/+/OnPoiNtERENteR+=+confirm()//v3dm0s,200,1,1
<htmL%0dONpoInTEReNTEr%0a=%0aconfirm()%0dx//,200,1,1
<DEtAILs/+/oNPOINtErEnter%0a=%0a[8].find(confirm)//,200,0,0
<deTAiLS%0doNtOgglE%0d=%0dconfirm()//,200,1,1
<A/+/OnPoInterenTer%0a=%0aconfirm()//v3dm0s,200,1,1
<DetAilS/+/ontoGGLe%0d=%0d(confirm)()%0dx//,200,0,0
<hTML%0aoNpoINtERENTer%0a=%0a[8].find(confirm)%0dx//,200,0,0
<HTMl%09oNMousEoVER+=+confirm()%0dx//,200,1,1
"<htMl/+/OnPoinTERENtER%0a=%0aa=prompt,a()%0dx//",200,0,0
<d3v/+/onMouseoveR+=+(prompt)``%0dx//v3dm0s,200,0,0
<hTMl/+/onPOINteREntEr%0a=%0a[8].find(confirm)%0dx//,200,0,0
"<a%0aoNMOuSEOVER%0d=%0da=prompt,a()//v3dm0s",200,0,0
<htML/+/OnMousEovER%0d=%0dconfirm()%0dx//,200,1,1
"<DEtaIls/+/onToggle%09=%09a=prompt,a()%0dx//",200,0,0
"<D3V%09oNpoiNtErEnteR%09=%09a=prompt,a()%0dx//v3dm0s",200,0,0
<htMl/+/onpoInTEREnTeR%0d=%0dconfirm()%0dx//,200,1,1
<detAILs%0dONtoggLe%0a=%0aconfirm()%0dx//,200,1,1
<A%09OnmOuSeOVEr+=+[8].find(confirm)%0dx//v3dm0s,200,0,0
<detAIlS/+/ONTogGle%0a=%0a(prompt)``%0dx//,200,0,0
"<d3v/+/oNpOIntEreNteR%09=%09a=prompt,a()//v3dm0s",200,0,0
<D3v%09ONMousEOVEr%0a=%0aconfirm()//v3dm0s,200,1,1
<dETaiLS%09oNPOINTerenTeR+=+confirm()//,200,1,1
"<A%09OnMoUsEOVEr%09=%09a=prompt,a()//v3dm0s",200,0,0
<D3V%0donMoUSEovEr%0d=%0dconfirm()%0dx//v3dm0s,200,1,1
<d3V/+/onmOUsEOvER%0d=%0d(prompt)``%0dx//v3dm0s,200,0,0
<HTmL%09oNpOinTerEnTER%0d=%0dconfirm()%0dx//,200,1,1
"<dETaILS%0dONToggLE%0a=%0aa=prompt,a()//",200,0,0
<a%0dONpoINteREnter%0a=%0a[8].find(confirm)%0dx//v3dm0s,200,0,0
"<A%09oNPOintErENTEr%0d=%0da=prompt,a()//v3dm0s",200,0,0
<DetAIlS%09oNpoINteREnTeR%0d=%0dconfirm()%0dx//,200,1,1
<a/+/OnPoiNTeREnteR%0a=%0a[8].find(confirm)%0dx//v3dm0s,200,0,0
<D3v%0dONMoUSEOVeR%09=%09(confirm)()%0dx//v3dm0s,200,0,0
<a%09oNmOuSeOvEr%0d=%0dconfirm()//v3dm0s,200,1,1
<html%0aoNPOinTeRENTeR%0a=%0a(confirm)()%0dx//,200,0,0
<d3V%09ONmoUsEovER%0d=%0d(prompt)``//v3dm0s,200,0,0
<D3v%0aonMOUSeOVer%0a=%0a(confirm)()%0dx//v3dm0s,200,0,0
<A%0donPOiNTERENter%0a=%0aconfirm()%0dx//v3dm0s,200,1,1
<d3v%09onpOINTEREnTEr%09=%09(prompt)``%0dx//v3dm0s,200,0,0
<DETAiLs%0dOnPOInTerENTER%09=%09(confirm)()//,200,0,0
<Html%0aOnMOUSEOVEr%09=%09(prompt)``//,200,0,0
<dETAIls%0dOnPoinTERenTEr%0d=%0d[8].find(confirm)%0dx//,200,0,0
<A%09onpoINteReNteR%0d=%0d[8].find(confirm)//v3dm0s,200,0,0
<HTMl%0aoNMoUseoVEr+=+(prompt)``%0dx//,200,0,0
<D3V/+/oNpoiNTErEnTeR%0a=%0a[8].find(confirm)//v3dm0s,200,0,0
<htMl/+/OnpOiNtErEnteR+=+[8].find(confirm)%0dx//,200,0,0
<htMl/+/onPOintErentER+=+[8].find(confirm)//,200,0,0
<a%0aONpoinTEReNter%0d=%0d(prompt)``%0dx//v3dm0s,200,0,0
<dETaILS%0aONtOgGle%09=%09confirm()%0dx//,200,1,1
"<DetAILS/+/OntogglE+=+a=prompt,a()%0dx//",200,0,0
"<a%09ONPOInterEnter+=+a=prompt,a()//v3dm0s",200,0,0
<D3V%0aONPoiNTeRenTeR+=+(confirm)()//v3dm0s,200,0,0
<DEtAILs%0aONPoInTErEnTeR%09=%09[8].find(confirm)//,200,0,0
<a%09ONMoUseovEr%09=%09(prompt)``//v3dm0s,200,0,0
"<deTaIls%09ONPOiNterEnteR%09=%09a=prompt,a()//",200,0,0
"<hTMl/+/onPOintEreNteR%0d=%0da=prompt,a()//",200,0,0
<htmL%0donMouSEOveR%0d=%0d(prompt)``//,200,0,0
<d3V%0aONpoINtEREnter%09=%09confirm()//v3dm0s,200,1,1
<a%09ONPointeRenTeR%09=%09[8].find(confirm)%0dx//v3dm0s,200,0,0
<A%0dOnMouSeoveR%0a=%0a(confirm)()//v3dm0s,200,0,0
<DetAilS%0doNpOINtERenter%0d=%0d(confirm)()%0dx//,200,0,0
<D3v/+/OnPoInterenter+=+confirm()//v3dm0s,200,1,1
<D3V%0donmOuSeover%0d=%0d(prompt)``//v3dm0s,200,0,0
<DetAiLs%0donTOggLE%0a=%0aconfirm()//,200,1,1
<deTaiLs%0doNPOinTeRenTER+=+confirm()%0dx//,200,1,1
<d3V%0aOnPointeRENTER%0a=%0a[8].find(confirm)//v3dm0s,200,0,0
<D3V%0aOnmOUSEOveR%0a=%0a(prompt)``//v3dm0s,200,0,0
<HtMl%0donMoUSeover%0d=%0d(confirm)()%0dx//,200,0,0
"<A%0doNPOInterENtER%0a=%0aa=prompt,a()//v3dm0s",200,0,0
<d3V%0aoNpointEreNTER+=+confirm()%0dx//v3dm0s,200,1,1
<a/+/oNpOinteRenter+=+confirm()//v3dm0s,200,1,1
"<d3v%0aONmousEovEr%0a=%0aa=prompt,a()%0dx//v3dm0s",200,0,0
<htML/+/ONpoINTErENTEr%09=%09confirm()//,200,1,1
<HtMl%09OnMOuSeovER%0d=%0dconfirm()//,200,1,1
<DeTaIls/+/ONpoiNtErEnTEr%09=%09(confirm)()%0dx//,200,0,0
<HTML%0aONMOuseover%09=%09confirm()//,200,1,1
<hTmL%0aoNpoIntErenTeR%09=%09(confirm)()//,200,0,0
<a/+/onMoUSEOvEr%0d=%0dconfirm()%0dx//v3dm0s,200,1,1
<HtML/+/onmousEOVeR%09=%09confirm()%0dx//,200,1,1
<D3V%0dOnpOintErENtEr%09=%09[8].find(confirm)//v3dm0s,200,0,0
<A/+/onMOuseoVER%0a=%0a(prompt)``//v3dm0s,200,0,0
<A%0doNpOintereNTEr%0a=%0aconfirm()//v3dm0s,200,1,1
<d3v/+/ONmouSEOver%09=%09confirm()%0dx//v3dm0s,200,1,1
<A%0doNMOusEoVer%0a=%0aconfirm()%0dx//v3dm0s,200,1,1
"<HTML/+/oNMOUSeOVer%09=%09a=prompt,a()%0dx//",200,0,0
<A%0dONpOINTeREnTeR%0d=%0dconfirm()//v3dm0s,200,1,1
<A/+/onpOiNtEREnTeR%0d=%0dconfirm()//v3dm0s,200,1,1
<HtML/+/ONMOUseOver%09=%09confirm()//,200,1,1
<a/+/onpOINteRENTEr%0a=%0a(confirm)()%0dx//v3dm0s,200,0,0
"<d3v%0dONPointeRENteR%0d=%0da=prompt,a()//v3dm0s",200,0,0
<A%0aoNmoUsEOVER+=+confirm()//v3dm0s,200,1,1
<D3V%09onMOuSEOvER%0d=%0dconfirm()//v3dm0s,200,1,1
<a/+/ONMouSEoVer%09=%09(prompt)``%0dx//v3dm0s,200,0,0
<dEtails%09oNtOGGle+=+(prompt)``//,200,0,0
<DEtails%0aoNPOINTerEnTER%0a=%0a(prompt)``%0dx//,200,0,0
<HtML/+/onpOinTerEnter%0d=%0d[8].find(confirm)//,200,0,0
<D3v%09oNmOUSEoVER+=+confirm()%0dx//v3dm0s,200,1,1
<d3V%0donMoUSEOVER%09=%09(confirm)()//v3dm0s,200,0,0
<HTMl%0donMOuSeovER%0d=%0d[8].find(confirm)//,200,0,0
<DetAiLS/+/onToGGLe+=+(prompt)``//,200,0,0
<deTaIlS%09OnPOinteRENtER+=+(confirm)()%0dx//,200,0,0
<D3v%0aONmouseoVeR+=+confirm()//v3dm0s,200,1,1
<DEtaILs%0donpOiNterenTeR%09=%09confirm()%0dx//,200,1,1
<deTAILs%09onPOintEREnTer%09=%09confirm()%0dx//,200,1,1
<d3v/+/OnpOINTERENter%09=%09confirm()//v3dm0s,200,1,1
"<DeTAILS/+/oNtOGgLe%09=%09a=prompt,a()//",200,0,0
<a%0dONPOiNTErenter%09=%09(prompt)``//v3dm0s,200,0,0
<hTMl/+/OnmouseoVER+=+(confirm)()%0dx//,200,0,0
<a%09oNpOInTerENTeR+=+(prompt)``//v3dm0s,200,0,0
<d3v/+/onPOINTERenTer%09=%09(prompt)``%0dx//v3dm0s,200,0,0
<d3V%0aOnmouSeOVer+=+confirm()//v3dm0s,200,1,1
<DEtAIls/+/onpOInTErEnTER+=+confirm()//,200,1,1
"<details/+/OnPOInTERenteR+=+a=prompt,a()%0dx//",200,0,0
<HTMl%0donpOintereNTER%0a=%0a(confirm)()%0dx//,200,0,0
<detAiLS/+/oNtogglE%0a=%0a[8].find(confirm)//,200,0,0
<HTML/+/OnmOusEOvEr%09=%09(prompt)``%0dx//,200,0,0
<HTML%0donmouSEOver%09=%09(prompt)``//,200,0,0
<d3v%0aonpOinTErEntEr+=+confirm()%0dx//v3dm0s,200,1,1
<d3v/+/onmousEOvEr%0a=%0a[8].find(confirm)%0dx//v3dm0s,200,0,0
<dETails%0dontOggLe%09=%09(confirm)()%0dx//,200,0,0
<htMl%09OnMOUseOver%0d=%0d(confirm)()//,200,0,0
<d3V%0donpOINTEreNTeR%09=%09(prompt)``//v3dm0s,200,0,0
"<D3v%09ONmoUsEOVER%09=%09a=prompt,a()%0dx//v3dm0s",200,0,0
<hTmL%0dOnmOUSEOvEr+=+confirm()%0dx//,200,1,1
<a/+/OnMOUSeOVEr%09=%09(confirm)()//v3dm0s,200,0,0
<a%09oNpoINtERentER+=+[8].find(confirm)//v3dm0s,200,0,0
<d3v%0dOnMoUsEOVER%09=%09(prompt)``%0dx//v3dm0s,200,0,0
<deTAilS/+/OnPOiNTERENtEr%0a=%0a[8].find(confirm)%0dx//,200,0,0
"<detaiLs%0donToggLE%09=%09a=prompt,a()//",200,0,0
"<a%0dOnPoiNTERenTEr%0d=%0da=prompt,a()//v3dm0s",200,0,0
<a%0dOnMOuSeOvER%0d=%0dconfirm()//v3dm0s,200,1,1
<hTMl/+/oNMOUSEoveR+=+confirm()%0dx//,200,1,1
<D3v/+/ONPoinTeREnTer+=+(prompt)``//v3dm0s,200,0,0
<a%0aoNmoUseOveR%0d=%0dconfirm()%0dx//v3dm0s,200,1,1
<HTml%09OnPoinTErenTeR%0a=%0aconfirm()%0dx//,200,1,1
"<htML%0dOnPOInTErEnTER%0a=%0aa=prompt,a()%0dx//",200,0,0
<dEtails%0aonpoiNTeREnTeR+=+confirm()//,200,1,1
<HTmL/+/onPOINTEReNTeR%0d=%0dconfirm()%0dx//,200,1,1
"<a%09OnmouSEOVEr+=+a=prompt,a()%0dx//v3dm0s",200,0,0
<a%09onMouSEOvER%0d=%0d(confirm)()%0dx//v3dm0s,200,0,0
<DeTaIlS%0donpoiNtERenTeR%0a=%0aconfirm()%0dx//,200,1,1
<A/+/oNPointERENTER%0a=%0a(confirm)()//v3dm0s,200,0,0
<A%0aoNPOInTErEnteR%0a=%0aconfirm()//v3dm0s,200,1,1
<d3V%0dOnPointerEnTeR+=+[8].find(confirm)%0dx//v3dm0s,200,0,0
<A%09oNPOiNTereNTEr%0a=%0a(confirm)()//v3dm0s,200,0,0
<d3v%09ONMOuseoVer%0d=%0dconfirm()%0dx//v3dm0s,200,1,1
<HTMl%09oNPOInTEreNteR%0d=%0d(prompt)``//,200,0,0
<A%09ONpoInTErentER%0d=%0d(prompt)``//v3dm0s,200,0,0
<d3v%09oNPoIntEREntER%0a=%0a[8].find(confirm)//v3dm0s,200,0,0
"<dETaiLS/+/onTOgGlE%0d=%0da=prompt,a()%0dx//",200,0,0
<hTml%0aonmOuSeOvER%0d=%0dconfirm()%0dx//,200,1,1
<A%0aonPoINtErEntER%09=%09(prompt)``%0dx//v3dm0s,200,0,0
<d3V%0aONMOUsEoVeR+=+confirm()%0dx//v3dm0s,200,1,1
<dEtAILs%09oNpoiNTEREnteR%0d=%0d(prompt)``%0dx//,200,0,0
"<htMl%09onpoInTeRENTeR+=+a=prompt,a()%0dx//",200,0,0
<deTAils/+/OntoGgle%09=%09confirm()//,200,1,1
<HTML%0donmoUSeOvER+=+confirm()%0dx//,200,1,1
<Details/+/ONtOgGLE%0d=%0dconfirm()//,200,1,1
<DETAilS%0donPOinterEnTer%0a=%0a[8].find(confirm)%0dx//,200,0,0
<htML%09onpOINteRenTEr%0a=%0a[8].find(confirm)%0dx//,200,0,0
<D3V%0aOnpoinTeReNtER%09=%09(prompt)``//v3dm0s,200,0,0
<DETaILs%0doNPoiNterENTeR+=+confirm()//,200,1,1
<HTmL%09ONmOuseoVer%0a=%0aconfirm()//,200,1,1
<DETails%0aonpoinTeRenteR%0d=%0dconfirm()//,200,1,1
<HTMl/+/OnPoinTERENtEr%09=%09(prompt)``%0dx//,200,0,0
<d3v%0aOnPoIntereNteR%0a=%0aconfirm()%0dx//v3dm0s,200,1,1
<HTMl/+/oNMoUseOVer%0a=%0aconfirm()//,200,1,1
<A/+/onpOinTErENter%0d=%0d[8].find(confirm)//v3dm0s,200,0,0
<Html%0dOnMoUSEOVeR%09=%09confirm()%0dx//,200,1,1
<htMl%09onMoUseOVeR+=+[8].find(confirm)%0dx//,200,0,0
<A%09oNMOUSeovEr%0a=%0a(confirm)()//v3dm0s,200,0,0
<HTMl/+/OnmouseOVEr%0d=%0dconfirm()//,200,1,1
<D3V%0doNMoUSeOVer+=+[8].find(confirm)%0dx//v3dm0s,200,0,0
"<htmL%0donMoUSeoveR%09=%09a=prompt,a()%0dx//",200,0,0
<a%0doNmOUSEOVER%0d=%0dconfirm()%0dx//v3dm0s,200,1,1
<HTML%09onPOintErentER%09=%09(prompt)``//,200,0,0
<DETAils%0aONToggLE%09=%09(confirm)()%0dx//,200,0,0
<detaIls/+/OnTogGlE%09=%09confirm()//,200,1,1
<HtML%09OnMOUsEover%0a=%0a(confirm)()//,200,0,0
<D3V%0aONPOintERenter+=+confirm()//v3dm0s,200,1,1
<a%0doNMOUSeOvEr+=+(confirm)()%0dx//v3dm0s,200,0,0
<a%0aOnPoINtErENTEr+=+[8].find(confirm)%0dx//v3dm0s,200,0,0
<d3v%0aonpOInTerENtER%09=%09(confirm)()%0dx//v3dm0s,200,0,0
<hTmL%09OnmoUSEOvEr%09=%09[8].find(confirm)//,200,0,0
<HTml%09onmoUSeoVEr%0d=%0d[8].find(confirm)//,200,0,0
<a%0aONPOInTERENTer%09=%09[8].find(confirm)%0dx//v3dm0s,200,0,0
<A/+/onPointEREnteR%09=%09[8].find(confirm)%0dx//v3dm0s,200,0,0
<DETAiLS/+/oNpointerEnter%0a=%0a(confirm)()%0dx//,200,0,0
<detaIlS/+/onpOInterenTEr%0a=%0aconfirm()%0dx//,200,1,1
<Html%0aonMOusEovEr+=+[8].find(confirm)%0dx//,200,0,0
<a%0aOnmouSEovEr+=+(confirm)()%0dx//v3dm0s,200,0,0
<dETailS/+/ONPoIntErEnTeR+=+(prompt)``%0dx//,200,0,0
<HtMl%0aOnmoUSeoVeR+=+(confirm)()%0dx//,200,0,0
<a%0aonmoUsEoVer%0a=%0a(prompt)``%0dx//v3dm0s,200,0,0
<HtML%09ONPoinTEREnteR%0d=%0dconfirm()//,200,1,1
<d3V%0aoNPoINtErenTeR%0d=%0d[8].find(confirm)//v3dm0s,200,0,0
<d3V%0donPoIntEreNTEr%0d=%0d(prompt)``//v3dm0s,200,0,0
<a/+/OnpOiNTeReNTeR%09=%09confirm()//v3dm0s,200,1,1
<DETAiLs/+/OntOGglE%0d=%0d(prompt)``//,200,0,0
<DETAILs%0aOnToggle+=+(prompt)``//,200,0,0
<DetailS/+/onpoiNtErentEr%0d=%0d(confirm)()%0dx//,200,0,0
<detAils%0doNpoInteReNTER%09=%09(prompt)``%0dx//,200,0,0
<d3v%0doNMOUseoVer%09=%09[8].find(confirm)//v3dm0s,200,0,0
<HTml%09OnmouseOVeR%09=%09confirm()%0dx//,200,1,1
"<HTMl/+/OnmouSEOVeR%0a=%0aa=prompt,a()%0dx//",200,0,0
<A%0aoNPointeREnTeR%09=%09[8].find(confirm)//v3dm0s,200,0,0
"<D3v%0aonmOUseOvER%09=%09a=prompt,a()%0dx//v3dm0s",200,0,0
<a%0donpOinTErentER%0a=%0a(prompt)``%0dx//v3dm0s,200,0,0
<hTMl%0dONMOUSeoveR%0d=%0d[8].find(confirm)%0dx//,200,0,0
<A%0aonMouSeOver%0a=%0a[8].find(confirm)//v3dm0s,200,0,0
<D3v%0aONPoiNTeREnTeR%09=%09[8].find(confirm)%0dx//v3dm0s,200,0,0
<dEtaiLs/+/onPOInTERENTeR%09=%09confirm()%0dx//,200,1,1
<DETaiLS/+/OnPoINTEREnTER%0d=%0d[8].find(confirm)%0dx//,200,0,0
<D3V%0dOnpoIntERenTer%0a=%0a(confirm)()//v3dm0s,200,0,0
<D3v%0dONPoIntEReNter+=+(confirm)()//v3dm0s,200,0,0
<a%09OnpOintErENTeR%0d=%0dconfirm()%0dx//v3dm0s,200,1,1
<dEtAILS%0doNToggle%0a=%0a(prompt)``//,200,0,0
"<DEtaiLs%09ONToGgLe%0d=%0da=prompt,a()%0dx//",200,0,0
<HTMl/+/onpoiNtEReNter%09=%09confirm()%0dx//,200,1,1
"<DEtails/+/onTOGglE%0a=%0aa=prompt,a()%0dx//",200,0,0
"<a%0doNMOuSeover%09=%09a=prompt,a()%0dx//v3dm0s",200,0,0
<htmL%0dOnpOiNtEREnTER%0a=%0a(prompt)``//,200,0,0
<dEtAIlS%0dontOGgle%0a=%0a[8].find(confirm)%0dx//,200,0,0
<D3v/+/OnpoiNterENTER+=+(confirm)()%0dx//v3dm0s,200,0,0
<dEtaIls%09ONPoiNTeRenteR%09=%09confirm()%0dx//,200,1,1
<html%0dONPoiNTErENTer%09=%09confirm()//,200,1,1
<d3v%09oNpointeRentER+=+(confirm)()%0dx//v3dm0s,200,0,0
<DETaILS%0aonToggLe%0d=%0d(prompt)``%0dx//,200,0,0
<D3v%0dOnmOusEoVER+=+confirm()%0dx//v3dm0s,200,1,1
<HtMl%0dOnMoUseovEr%0a=%0a(confirm)()//,200,0,0
<a%0donPOiNtEreNTEr%09=%09confirm()%0dx//v3dm0s,200,1,1
<htMl%0donPOIntEREntER+=+(prompt)``//,200,0,0
<DetAILS%09ONtOGGlE%0a=%0aconfirm()%0dx//,200,1,1
<D3v%09oNMouSEover%0d=%0d[8].find(confirm)%0dx//v3dm0s,200,0,0
<DEtAILs%0doNPOinteRenteR+=+[8].find(confirm)%0dx//,200,0,0
<HTml%0aOnMoUSeOVer%09=%09[8].find(confirm)//,200,0,0
<A%0doNmoUsEoVer%0a=%0aconfirm()//v3dm0s,200,1,1
<a%0aoNPOInteRentEr%0d=%0d(confirm)()//v3dm0s,200,0,0
"<HTml%09ONPoiNTeRenTer%0d=%0da=prompt,a()%0dx//",200,0,0
<d3V%0dONPoiNteRENTer%09=%09[8].find(confirm)%0dx//v3dm0s,200,0,0
<DETAiLs%0donpOINTEReNTEr+=+confirm()%0dx//,200,1,1
<a%0aonmOUSEOver%0d=%0d[8].find(confirm)//v3dm0s,200,0,0
"<HtmL/+/onPoINtereNTeR%0d=%0da=prompt,a()%0dx//",200,0,0
<deTaILs%0aONPoINteRenTeR+=+(confirm)()%0dx//,200,0,0
<D3V/+/oNpoiNTEREntER%0a=%0a(prompt)``//v3dm0s,200,0,0
<D3v%09oNmOusEovEr%0a=%0a[8].find(confirm)%0dx//v3dm0s,200,0,0
"<HtML%0aonmoUSEOveR%0d=%0da=prompt,a()//",200,0,0
<DETAils/+/oNtogGle%0a=%0a[8].find(confirm)%0dx//,200,0,0
"<D3v%09onMOuseovEr+=+a=prompt,a()//v3dm0s",200,0,0
<a/+/oNpOiNtErENtER%09=%09(confirm)()//v3dm0s,200,0,0
<D3V%09ONMOUSEOvEr+=+(prompt)``%0dx//v3dm0s,200,0,0
<A%0dOnmoUsEoVEr%0a=%0a(prompt)``%0dx//v3dm0s,200,0,0
<d3V/+/oNpoInterEnTEr%09=%09(prompt)``//v3dm0s,200,0,0
<A%0doNpoINTErEntEr%09=%09(prompt)``%0dx//v3dm0s,200,0,0
<a%0aONpOinTeReNTEr+=+confirm()%0dx//v3dm0s,200,1,1
<a%0dOnMoUSEOvER+=+confirm()%0dx//v3dm0s,200,1,1
<DEtAIls%0aoNPoiNteRenter%0a=%0aconfirm()//,200,1,1
<DetAILs%0aOnToggle%09=%09confirm()//,200,1,1
<dEtAILs%09onPoInterEnteR+=+[8].find(confirm)%0dx//,200,0,0
"<deTails%0doNTOGGLE%0a=%0aa=prompt,a()%0dx//",200,0,0
<dETaILS%0dONtOGGLe%09=%09confirm()%0dx//,200,1,1
<A/+/onmOUsEovEr%0a=%0a(prompt)``%0dx//v3dm0s,200,0,0
<d3v%0dONMOUSeOver%09=%09confirm()//v3dm0s,200,1,1
<DETAILS%0doNtogGle+=+confirm()//,200,1,1
"<a%09oNMOuSeoVeR%0a=%0aa=prompt,a()//v3dm0s",200,0,0
<a%09OnPoInTErenteR+=+confirm()//v3dm0s,200,1,1
"<HtmL%0dONmOusEOVEr%0a=%0aa=prompt,a()//",200,0,0
<hTML%09onmouseOver+=+(prompt)``%0dx//,200,0,0
<a%0aonPOInTeRENtER%0d=%0dconfirm()//v3dm0s,200,1,1
<DETAIlS%0donpOInTerenTeR%0a=%0a(prompt)``//,200,0,0
<a/+/oNpOinterEnTEr%0d=%0dconfirm()%0dx//v3dm0s,200,1,1
<A%0dOnmousEOVeR%09=%09(prompt)``//v3dm0s,200,0,0
<D3v%0donpoinTErEntEr%0d=%0dconfirm()%0dx//v3dm0s,200,1,1
<detaIlS%0aoNTOGGLe%0a=%0a(prompt)``%0dx//,200,0,0
"<A%0aoNMOuseovER+=+a=prompt,a()%0dx//v3dm0s",200,0,0
<hTMl%0dOnMOUSEOvER%0a=%0a(prompt)``//,200,0,0
<DeTAiLS%0aoNpoInTeREntEr+=+(confirm)()//,200,0,0
<DetAils/+/onpOiNtErEnTER%09=%09confirm()//,200,1,1
<HTML%09oNPoinTEreNTER%09=%09confirm()//,200,1,1
<DetaiLs%09ONToggle%0d=%0d[8].find(confirm)%0dx//,200,0,0
<DeTAILS%0aoNpointeRENter%09=%09[8].find(confirm)%0dx//,200,0,0
<DeTAiLs%0aonPoinTEReNtEr%0d=%0dconfirm()%0dx//,200,1,1
<d3V/+/OnMoUSeoveR%0a=%0aconfirm()//v3dm0s,200,1,1
"<hTmL%0dOnmOuSeOVEr%0a=%0aa=prompt,a()%0dx//",200,0,0
<D3V/+/onMoUsEover+=+confirm()//v3dm0s,200,1,1
<HTMl%0dOnpoInTEReNTEr%0d=%0dconfirm()%0dx//,200,1,1
<HtMl%09onpointerenteR%0d=%0d[8].find(confirm)//,200,0,0
<D3v%0dONPOINTEreNTEr%0d=%0dconfirm()//v3dm0s,200,1,1
<D3v%0dONPointEReNter%0a=%0aconfirm()%0dx//v3dm0s,200,1,1
"<a%0donMouseOvEr%0a=%0aa=prompt,a()%0dx//v3dm0s",200,0,0
<Html/+/ONPoinTERentEr+=+(confirm)()//,200,0,0
<A%0dOnpOInTERENTeR%0d=%0d(prompt)``%0dx//v3dm0s,200,0,0
<hTMl%0dONMouSeover+=+confirm()//,200,1,1
<DEtails%0dONtOggLe%0a=%0a[8].find(confirm)//,200,0,0
<DetaILs%09OntOGgLE%09=%09(confirm)()%0dx//,200,0,0
<D3v%0aOnPoINTereNter%0d=%0d(confirm)()%0dx//v3dm0s,200,0,0
<htML/+/OnPOINteReNtER%09=%09confirm()%0dx//,200,1,1
<HTmL%0doNPOintERENteR%0d=%0d[8].find(confirm)//,200,0,0
<D3v%09onMOUseover+=+(prompt)``//v3dm0s,200,0,0
"<HtML%0aonPoinTEreNtER%09=%09a=prompt,a()//",200,0,0
<A%0donMOuSeOvER%0a=%0a[8].find(confirm)//v3dm0s,200,0,0
<A/+/OnMOuSeOver+=+[8].find(confirm)%0dx//v3dm0s,200,0,0
<A%0aonpOiNTeReNteR%0d=%0dconfirm()//v3dm0s,200,1,1
<d3V%0aonMOusEOver%0d=%0d(confirm)()//v3dm0s,200,0,0
<A%0aoNmOuSEOvER%0d=%0d(prompt)``%0dx//v3dm0s,200,0,0
<a/+/OnpoiNtErEnTeR%0a=%0a(prompt)``//v3dm0s,200,0,0
"<a%09OnPoiNTEREntEr%09=%09a=prompt,a()//v3dm0s",200,0,0
<DetaiLs%09ontOGGLE%0a=%0a(prompt)``%0dx//,200,0,0
<hTmL%09oNpOiNterEnteR%0d=%0dconfirm()//,200,1,1
<HTML%09ONpoINTEreNtEr+=+confirm()//,200,1,1
<htmL%0donPOINtErENtER%09=%09confirm()%0dx//,200,1,1
<A%0donPointErEntER%0d=%0d(prompt)``//v3dm0s,200,0,0
<d3v%0aONmOuseoVeR%0d=%0d(confirm)()%0dx//v3dm0s,200,0,0
<D3V%0aOnmOUSEoVeR%0d=%0dconfirm()%0dx//v3dm0s,200,1,1
"<a/+/oNmouSEOVer%09=%09a=prompt,a()%0dx//v3dm0s",200,0,0
<A%0dOnmoUsEOVer%09=%09(confirm)()//v3dm0s,200,0,0
<a%0dOnmouseOver%0d=%0d(prompt)``%0dx//v3dm0s,200,0,0
"<a%0aOnPoIntEREntER%0a=%0aa=prompt,a()%0dx//v3dm0s",200,0,0
"<dEtaILS/+/onpoiNTErEntER%09=%09a=prompt,a()//",200,0,0
<Html/+/onmouSeoveR%0a=%0aconfirm()%0dx//,200,1,1
<deTAIls%0aOnToGglE%09=%09(confirm)()//,200,0,0
<d3v%0aonPoIntERenTEr%0d=%0d[8].find(confirm)%0dx//v3dm0s,200,0,0
<HtMl%0aOnPOINterenTer%0a=%0a(prompt)``//,200,0,0
<a%0dONPoINtErENTEr+=+(prompt)``//v3dm0s,200,0,0
<A%0doNmoUSeOVeR%09=%09confirm()//v3dm0s,200,1,1
<A%09ONPoInTerEnTER%0d=%0dconfirm()%0dx//v3dm0s,200,1,1
<hTMl%0aonMOUSEoVEr%0a=%0a(confirm)()//,200,0,0
<a/+/OnmoUSEOVEr+=+[8].find(confirm)//v3dm0s,200,0,0
<DETaiLS%09ONToGglE%0a=%0a[8].find(confirm)%0dx//,200,0,0
"<d3v/+/ONMOuSeOvEr%0d=%0da=prompt,a()//v3dm0s",200,0,0
<hTml%0donpOiNteRENteR%0a=%0a(prompt)``%0dx//,200,0,0
<htMl%0dONPoIntEREntEr%0d=%0dconfirm()%0dx//,200,1,1
"<D3V%0aonmouseoVER+=+a=prompt,a()//v3dm0s",200,0,0
<hTMl%0dOnpoiNtEreNTer%09=%09(confirm)()//,200,0,0
<hTMl%0dOnPOInTERENTeR%0a=%0aconfirm()//,200,1,1
<D3V%09onpOiNTEReNTeR%0a=%0a(confirm)()%0dx//v3dm0s,200,0,0
<dEtaILS%0donTOggLe%0d=%0dconfirm()%0dx//,200,1,1
<HTMl%0doNMouSEOveR+=+(prompt)``%0dx//,200,0,0
"<dEtaiLs/+/ONpoInTEReNTeR%0a=%0aa=prompt,a()%0dx//",200,0,0
"<d3V/+/ONmouseOVer%09=%09a=prompt,a()%0dx//v3dm0s",200,0,0
<a%0dOnpoInteRentEr+=+(confirm)()//v3dm0s,200,0,0
<HTML%09OnPOinTeREntER%0a=%0aconfirm()%0dx//,200,1,1
<HTml%0donPOInTEReNter+=+(confirm)()//,200,0,0
<A%09oNmoUSEoVER%09=%09(prompt)``%0dx//v3dm0s,200,0,0
<dETAiLs%09oNPOiNtErenTER%0a=%0a(confirm)()%0dx//,200,0,0
<D3v/+/onMOUSEOvEr+=+[8].find(confirm)//v3dm0s,200,0,0
<A%0dOnpOiNTEreNtEr%0d=%0dconfirm()%0dx//v3dm0s,200,1,1
<HtmL%09OnPOInTerenTeR%0a=%0a(prompt)``%0dx//,200,0,0
<htmL/+/OnMousEover%0d=%0d(prompt)``//,200,0,0
<A%0donMoUsEovEr%0a=%0a[8].find(confirm)%0dx//v3dm0s,200,0,0
<D3V/+/oNMoUsEover%0d=%0d(prompt)``//v3dm0s,200,0,0
<A%09ONPoINTErEntER%09=%09(prompt)``%0dx//v3dm0s,200,0,0
<d3v%09OnPoINteREnTer+=+confirm()//v3dm0s,200,1,1
<a/+/ONMOUseOvEr%0d=%0dconfirm()%0dx//v3dm0s,200,1,1
"<A%09OnMOuSEOver+=+a=prompt,a()//v3dm0s",200,0,0
<DetAILS%09ONPoINteREntEr%0d=%0d(confirm)()//,200,0,0
<dETaiLS%0dONpOintEreNtEr%0d=%0dconfirm()//,200,1,1
"<html%0aOnPOInTEreNTEr%0d=%0da=prompt,a()//",200,0,0
<d3v%0dOnpOINTereNter%09=%09confirm()%0dx//v3dm0s,200,1,1
<DeTaiLS%09OnPoInTerEntEr+=+(prompt)``//,200,0,0
<Html%09OnMouSEoVER%09=%09(confirm)()//,200,0,0
<d3v%0aonmousEovER%0a=%0aconfirm()//v3dm0s,200,1,1
<htML/+/onmoUSeOVeR%0a=%0a(prompt)``%0dx//,200,0,0
<A%0dONpoINtereNter%09=%09(confirm)()//v3dm0s,200,0,0
<a%09ONmOuseoVEr%0a=%0a(prompt)``//v3dm0s,200,0,0
"<a%0donMOUSEoveR+=+a=prompt,a()//v3dm0s",200,0,0
<dETaiLs%0aoNPoIntEREnTer%0a=%0a(confirm)()%0dx//,200,0,0
<HTMl%0aONPoInteReNtEr+=+confirm()//,200,1,1
"<d3v%0doNpOinTEREntER%0d=%0da=prompt,a()%0dx//v3dm0s",200,0,0
"<dEtAILS/+/OnpOiNtErEnteR%0a=%0aa=prompt,a()//",200,0,0
<D3V%09oNPOInTERENTeR%0a=%0aconfirm()%0dx//v3dm0s,200,1,1
<a%0doNpoiNterEnTER%09=%09confirm()%0dx//v3dm0s,200,1,1
<HTmL%0aonpoINTERentER%09=%09confirm()//,200,1,1
<HTml%0aOnPOinTeRENtEr%0a=%0a[8].find(confirm)//,200,0,0
<htmL/+/ONPOinTErENTeR+=+(prompt)``//,200,0,0
"<HTml%0aOnPOINTErENTEr%0d=%0da=prompt,a()%0dx//",200,0,0
<d3V/+/onpoInTeReNter+=+confirm()//v3dm0s,200,1,1
<A%0doNpOinterENtER%0a=%0aconfirm()%0dx//v3dm0s,200,1,1
<htmL%0doNMousEoVer%0a=%0a(confirm)()%0dx//,200,0,0
<a%0aonpOiNTEreNteR%09=%09confirm()%0dx//v3dm0s,200,1,1
<D3V%0dOnmousEovEr%09=%09[8].find(confirm)%0dx//v3dm0s,200,0,0
"<dEtAILs%09ONpoINteRenTeR%0a=%0aa=prompt,a()//",200,0,0
"<HtmL%0doNPoiNTEreNTer%0a=%0aa=prompt,a()//",200,0,0
"<HtMl/+/OnmouSeOVeR+=+a=prompt,a()%0dx//",200,0,0
"<A%09onpOIntERENTER%0a=%0aa=prompt,a()//v3dm0s",200,0,0
<a%0dOnpointErENTer%0d=%0d[8].find(confirm)//v3dm0s,200,0,0
<a/+/OnMousEoVEr%09=%09(prompt)``//v3dm0s,200,0,0
<a/+/onMoUSEoVer%09=%09confirm()%0dx//v3dm0s,200,1,1
<HTML%09onMoUsEoVer%0d=%0dconfirm()%0dx//,200,1,1
<HTMl/+/oNMOUSeOVEr+=+[8].find(confirm)//,200,0,0
<deTAiLS%09oNPoiNtErEnTeR+=+confirm()%0dx//,200,1,1
<d3v%09oNmousEOveR%0a=%0aconfirm()//v3dm0s,200,1,1
<dEtaIlS%0doNPoINTERENteR%0d=%0d(prompt)``//,200,0,0
<dETAIlS%0donpOinterENTER%09=%09[8].find(confirm)//,200,0,0
"<DETAiLs/+/ONPoiNTEreNTer%09=%09a=prompt,a()%0dx//",200,0,0
<D3v%0doNPOINtErENTer+=+confirm()//v3dm0s,200,1,1
<htMl%0aonMOUSeOVeR%0a=%0aconfirm()//,200,1,1
<htMl%09oNMoUSeoVER+=+(confirm)()%0dx//,200,0,0
<D3v%09onMOuSEOvEr%09=%09[8].find(confirm)%0dx//v3dm0s,200,0,0
<a/+/oNMouSEoveR%0a=%0aconfirm()//v3dm0s,200,1,1
<DeTaIls%0aOntoGGlE%0a=%0aconfirm()%0dx//,200,1,1
"<d3v%0doNMouSeOvEr+=+a=prompt,a()%0dx//v3dm0s",200,0,0
<DeTAiLS%09onTOGglE%0d=%0d(prompt)``//,200,0,0
<DetaIls%0aOnPoInTErENTER%0d=%0dconfirm()%0dx//,200,1,1
"<D3v%09ONMOUSEOveR%0d=%0da=prompt,a()%0dx//v3dm0s",200,0,0
<a%0donpoIntErEnteR%0a=%0a(confirm)()%0dx//v3dm0s,200,0,0
<a/+/ONmoUSeoVEr%0d=%0d[8].find(confirm)//v3dm0s,200,0,0
"<DetaiLS%0dONPointErenTer%09=%09a=prompt,a()//",200,0,0
"<d3v%0aonMOUsEOVeR+=+a=prompt,a()%0dx//v3dm0s",200,0,0
"<D3V%09ONmOuSEOver%0a=%0aa=prompt,a()%0dx//v3dm0s",200,0,0
"<d3v%09onPointeReNTEr%09=%09a=prompt,a()//v3dm0s",200,0,0
<D3V%0donPOinteRentER%0a=%0a[8].find(confirm)%0dx//v3dm0s,200,0,0
<a%09ONPoInTerEnter%0a=%0a(confirm)()%0dx//v3dm0s,200,0,0
<A%0donPOInteRENTEr%09=%09confirm()//v3dm0s,200,1,1
<a%0aoNMOusEoVer%0a=%0aconfirm()//v3dm0s,200,1,1
<A%09onpoINTeReNTEr%0a=%0aconfirm()//v3dm0s,200,1,1
<A%09ONmousEoVEr%09=%09confirm()%0dx//v3dm0s,200,1,1
"<a%0dONPOiNtEreNter%0a=%0aa=prompt,a()%0dx//v3dm0s",200,0,0
<D3v%09OnmouSeOvER%09=%09confirm()%0dx//v3dm0s,200,1,1
<detAiLs%09ONPOINtERentER%09=%09[8].find(confirm)//,200,0,0
"<HtMl/+/onMOUseOver%09=%09a=prompt,a()//",200,0,0
<A%09onPOInTEREntER%09=%09(prompt)``//v3dm0s,200,0,0
<DEtAILs%0dONTOgGLe%0d=%0dconfirm()//,200,1,1
<Html%09onpoiNtErenTEr%0d=%0dconfirm()%0dx//,200,1,1
"<HtMl%0aOnpoInTeREntEr+=+a=prompt,a()//",200,0,0
<HtmL/+/ONpOiNTeReNTEr+=+(confirm)()%0dx//,200,0,0
<HtMl%09OnpoINTErentEr%09=%09(confirm)()%0dx//,200,0,0
<DetaIls%0aoNToGGLe%0a=%0aconfirm()//,200,1,1
<Html/+/OnpoIntErEnteR%09=%09(prompt)``//,200,0,0
<html%0doNPOinTErEntER%09=%09(prompt)``%0dx//,200,0,0
<DetAils/+/ONToGglE%09=%09[8].find(confirm)//,200,0,0
<d3v%0dOnpOiNteREntER+=+(confirm)()%0dx//v3dm0s,200,0,0
<deTAIlS%0aONpOinteRENtER+=+[8].find(confirm)//,200,0,0
"<dEtaiLs%0doNPOINteREnter%09=%09a=prompt,a()%0dx//",200,0,0
"<DETAIls%0aonPoiNtErenTeR%0a=%0aa=prompt,a()%0dx//",200,0,0
<DeTAiLs%0dOnToggLE+=+[8].find(confirm)//,200,0,0
<d3v%09OnPOINtErENTEr%0a=%0a(confirm)()//v3dm0s,200,0,0
<a/+/ONmoUseoveR%0d=%0d(confirm)()%0dx//v3dm0s,200,0,0
"<A%09onmOuSEOveR%0d=%0da=prompt,a()//v3dm0s",200,0,0
<DEtAiLs/+/oNTOGgLE+=+confirm()//,200,1,1
<D3V%0aoNmousEoVEr%09=%09confirm()//v3dm0s,200,1,1
"<a/+/oNMoUSEOVeR%09=%09a=prompt,a()//v3dm0s",200,0,0
<A%0dOnpOinTeREnTeR+=+confirm()//v3dm0s,200,1,1
<d3v%09oNPOInTereNTEr%0d=%0dconfirm()%0dx//v3dm0s,200,1,1
<Html%09onmouSeOVeR%0a=%0a(prompt)``//,200,0,0
<d3V%09oNPoINterEnTer%0a=%0aconfirm()//v3dm0s,200,1,1
<A%0dOnPoInTerENtEr%0d=%0d[8].find(confirm)%0dx//v3dm0s,200,0,0
"<a/+/oNpOInterEnTEr%09=%09a=prompt,a()%0dx//v3dm0s",200,0,0
"<a/+/ONmOUSEOVER%0d=%0da=prompt,a()//v3dm0s",200,0,0
<htMl/+/onPOiNtErEntER%0d=%0d[8].find(confirm)%0dx//,200,0,0
<Html%0donmOuseOVeR%09=%09confirm()//,200,1,1
<htML%0aOnmouSeoVER%0a=%0a(prompt)``%0dx//,200,0,0
<A%09onpOINTEreNtER%09=%09[8].find(confirm)//v3dm0s,200,0,0
<D3v%0dOnmousEOvER%0a=%0aconfirm()%0dx//v3dm0s,200,1,1
<d3v%09OnpoINteReNtEr%0a=%0a[8].find(confirm)%0dx//v3dm0s,200,0,0
<A%0aonmOUsEOveR+=+[8].find(confirm)//v3dm0s,200,0,0
<A%09ONMoUsEOVer%09=%09confirm()%0dx//v3dm0s,200,1,1
"<Html/+/oNMoUSeOvER%0d=%0da=prompt,a()//",200,0,0
<A%0aonPoINtERenTEr+=+(confirm)()//v3dm0s,200,0,0
"<DeTAIlS/+/ONpOInTerENTer+=+a=prompt,a()//",200,0,0
<HTml%09oNMousEOvER%09=%09[8].find(confirm)%0dx//,200,0,0
<HTML/+/ONMouseovEr+=+(prompt)``//,200,0,0
<dETAIlS%0aOnTOgGLE%0a=%0a(confirm)()//,200,0,0
"<DetaiLs%09OnPoInTeRenteR%09=%09a=prompt,a()%0dx//",200,0,0
<hTML%0dOnMOuseOveR%09=%09[8].find(confirm)%0dx//,200,0,0
"<a/+/OnmoUSeoVEr+=+a=prompt,a()//v3dm0s",200,0,0
<hTmL%09OnPOinterenTer%0a=%0a(confirm)()//,200,0,0
"<A%09onMOusEOVeR%09=%09a=prompt,a()%0dx//v3dm0s",200,0,0
<detAilS%0dONToGglE+=+(prompt)``//,200,0,0
"<a%0aoNPOInTeRenter%0a=%0aa=prompt,a()//v3dm0s",200,0,0
<HtMl%09OnPoinTerENTeR%0d=%0d[8].find(confirm)%0dx//,200,0,0
<D3V%0aOnPoIntErENTeR%0a=%0a(prompt)``%0dx//v3dm0s,200,0,0
<D3V/+/oNPoiNterEnTer%0a=%0aconfirm()%0dx//v3dm0s,200,1,1
<htmL%0aONMoUseoVEr%0a=%0a[8].find(confirm)//,200,0,0
"<htML%0aONmousEOVeR+=+a=prompt,a()//",200,0,0
<DetaILS/+/onPOINteRENTer+=+[8].find(confirm)//,200,0,0
<A%0dONPOiNtEreNter%0d=%0dconfirm()%0dx//v3dm0s,200,1,1
<DEtaiLs%09ONTogGlE%0a=%0a[8].find(confirm)//,200,0,0
<d3V/+/ONPoInTERentEr%09=%09[8].find(confirm)//v3dm0s,200,0,0
<hTML%0doNpoInTeReNTEr+=+(confirm)()%0dx//,200,0,0
<D3v/+/OnPoinTErenTer%0a=%0aconfirm()%0dx//v3dm0s,200,1,1
<HtML%0aonMouseovEr%0d=%0dconfirm()//,200,1,1
<d3v%0donMOUSeoVER%0d=%0d(confirm)()%0dx//v3dm0s,200,0,0
<A/+/oNMOUseovER%09=%09confirm()//v3dm0s,200,1,1
<A%0aOnPoINterEnTER%09=%09(confirm)()//v3dm0s,200,0,0
<HTml%09onPoINTEREntER+=+(confirm)()//,200,0,0
"<d3V%0aoNpOINTErEnTer%09=%09a=prompt,a()//v3dm0s",200,0,0
<hTMl%0aOnMoUSEovER%09=%09(confirm)()//,200,0,0
<A/+/oNpoInTERENtER%09=%09(prompt)``%0dx//v3dm0s,200,0,0
<dETAiLS%0aONtoGglE+=+confirm()//,200,1,1
<DEtaIls%0aonPOInterEnter%09=%09(confirm)()//,200,0,0
"<D3V%09OnPOiNTErEnteR+=+a=prompt,a()//v3dm0s",200,0,0
<a%0doNPoinTerentEr%09=%09(confirm)()%0dx//v3dm0s,200,0,0
<dEtAilS/+/onToggle%0a=%0aconfirm()%0dx//,200,1,1
<DetAILS%0dontOgGle+=+confirm()%0dx//,200,1,1
<detAilS%09oNTOGgLe%0d=%0d(prompt)``%0dx//,200,0,0
"<d3V%0donmoUsEOveR%0a=%0aa=prompt,a()//v3dm0s",200,0,0
"<html%0aOnmouseOvER+=+a=prompt,a()%0dx//",200,0,0
<hTMl/+/oNpoInteRenTEr%0d=%0d(prompt)``%0dx//,200,0,0
<D3V%09ONpointeRENtER%09=%09(confirm)()%0dx//v3dm0s,200,0,0
<A%0dONmOusEOVer+=+confirm()%0dx//v3dm0s,200,1,1
<HTml%0aonpOInTEREnTER%0d=%0d[8].find(confirm)//,200,0,0
<hTMl%0doNMOUsEOvER+=+confirm()//,200,1,1
<hTMl/+/OnpointErENtEr%09=%09confirm()//,200,1,1
"<a/+/OnpoiNTERENTeR%0d=%0da=prompt,a()//v3dm0s",200,0,0
<A%0dONpointerENTeR%09=%09[8].find(confirm)//v3dm0s,200,0,0
<HtML%0aOnpoiNteRENTER%09=%09confirm()%0dx//,200,1,1
<d3v/+/oNPoinTeRENtEr%0d=%0d[8].find(confirm)%0dx//v3dm0s,200,0,0
<htMl%0doNPOiNteRenTER%09=%09confirm()//,200,1,1
<detaILS/+/ONtOgGlE+=+[8].find(confirm)%0dx//,200,0,0
<a%0aONMOuSEoveR%0d=%0d(confirm)()//v3dm0s,200,0,0
<d3V%0aOnMOusEoVer%0a=%0aconfirm()%0dx//v3dm0s,200,1,1
<hTmL/+/onmousEoVer%09=%09(confirm)()//,200,0,0
<A%0doNMOUseOVER%0d=%0d[8].find(confirm)//v3dm0s,200,0,0
<D3v/+/oNPoinTErENteR%0d=%0d(prompt)``%0dx//v3dm0s,200,0,0
<dEtAilS%09ONtOggLE%0d=%0dconfirm()//,200,1,1
<HTML%0aONPOinTeRENteR%0d=%0d(prompt)``%0dx//,200,0,0
<D3V%0doNMOuseoVER+=+(prompt)``%0dx//v3dm0s,200,0,0
<d3v%0aOnmoUseOVEr%0a=%0aconfirm()%0dx//v3dm0s,200,1,1
<deTailS%0aONPOinterEnTEr%0d=%0d(confirm)()%0dx//,200,0,0
<HTml%0aOnmouSEovER%09=%09confirm()%0dx//,200,1,1
<A%0aONMoUsEoveR%0d=%0d(confirm)()%0dx//v3dm0s,200,0,0
<htMl%0dONPoInTEREnTER+=+confirm()//,200,1,1
<d3v%09OnMOuSeovEr%09=%09confirm()//v3dm0s,200,1,1
<d3v%0aoNPoinTEreNTer%0a=%0aconfirm()//v3dm0s,200,1,1
"<detAIls%0doNToggLe+=+a=prompt,a()%0dx//",200,0,0
<DEtAilS%0aOnPoiNteRenTEr%0a=%0a[8].find(confirm)//,200,0,0
<a%0aONPoinTeReNTeR%0d=%0d[8].find(confirm)//v3dm0s,200,0,0
<DetAILS%0donPoiNTeREnTeR%0a=%0a[8].find(confirm)//,200,0,0
<htMl%0aoNpoINtEREnTER%0d=%0dconfirm()//,200,1,1
<DEtAiLs%0doNpoinTErEntEr+=+[8].find(confirm)//,200,0,0
<a%0aoNpOINteReNTEr%0d=%0d(prompt)``//v3dm0s,200,0,0
<d3V%0dONMoUsEOver%0d=%0d(confirm)()//v3dm0s,200,0,0
<DeTaiLS%09oNtOGGlE%0d=%0d[8].find(confirm)//,200,0,0
<a/+/onPoiNterEntER+=+(prompt)``//v3dm0s,200,0,0
<detaILS%09onpoINTErENTEr%0a=%0a[8].find(confirm)%0dx//,200,0,0
<htML%09onpOiNtErENtER%09=%09confirm()%0dx//,200,1,1
<d3V%0aONPOInTeRENTER%0a=%0aconfirm()%0dx//v3dm0s,200,1,1
<detAiLS%0aoNpoInterenteR+=+confirm()%0dx//,200,1,1
<a%0aoNPOInteREnTER+=+confirm()//v3dm0s,200,1,1
<hTml%0dONmOUsEoveR+=+(confirm)()//,200,0,0
<D3v%0dOnpoiNTerenteR%09=%09(confirm)()%0dx//v3dm0s,200,0,0
<hTmL%0dONMoUSEovER%0a=%0a[8].find(confirm)%0dx//,200,0,0
<DEtAils%0aOntOgGLe%0d=%0dconfirm()//,200,1,1
<dEtAiLS%09OnPoiNTERENter+=+[8].find(confirm)//,200,0,0
<htMl%09oNMousEoVER%0d=%0dconfirm()%0dx//,200,1,1
<D3v%09OnpOinTerENtEr%0d=%0dconfirm()//v3dm0s,200,1,1
<D3v%0donMoUseOver%0a=%0a(confirm)()//v3dm0s,200,0,0
<d3V%0aonmousEOvEr%0a=%0a[8].find(confirm)//v3dm0s,200,0,0
<d3V%0dOnpoINTErENTER%09=%09confirm()%0dx//v3dm0s,200,1,1
<a%0donmouseOVER+=+confirm()//v3dm0s,200,1,1
<DetAIls%0aOnpOiNTeReNter+=+confirm()%0dx//,200,1,1
"<d3v%0dOnPOINTEreNter+=+a=prompt,a()%0dx//v3dm0s",200,0,0
<Html/+/ONpOINTereNter%09=%09(confirm)()//,200,0,0
<DETAilS%0aONpOINTERenTer%0a=%0aconfirm()//,200,1,1
"<a%0dONpOiNterenteR%09=%09a=prompt,a()%0dx//v3dm0s",200,0,0
<D3V%0aONPOinTerEnter%0d=%0d(prompt)``//v3dm0s,200,0,0
<D3V%09oNpOinTErEnTeR%0d=%0dconfirm()%0dx//v3dm0s,200,1,1
<dETAILs%09ontOGgle%0a=%0a(prompt)``//,200,0,0
<detaiLs%0aontoGGlE%09=%09(prompt)``%0dx//,200,0,0
<d3V%0doNMoUSeoVeR+=+confirm()%0dx//v3dm0s,200,1,1
<d3V%0dONmoUseoVER%0d=%0dconfirm()//v3dm0s,200,1,1
"<html%0aonMoUsEovEr%09=%09a=prompt,a()//",200,0,0
<d3v%0aonmouSEOVeR%09=%09confirm()//v3dm0s,200,1,1
<detaiLs%0donPOIntERentER%0a=%0a(prompt)``%0dx//,200,0,0
"<d3V%0donmOUsEover+=+a=prompt,a()//v3dm0s",200,0,0
"<html%09OnmoUseoveR%0a=%0aa=prompt,a()%0dx//",200,0,0
"<D3v/+/OnPOiNteREnteR%0a=%0aa=prompt,a()%0dx//v3dm0s",200,0,0
<d3v%0aOnMOusEOVER%09=%09(prompt)``//v3dm0s,200,0,0
<htML%0aonpOiNTErENteR+=+(prompt)``//,200,0,0
<Html%0aoNPoinTerENTer+=+confirm()%0dx//,200,1,1
<A%0aOnpOINTeRentEr+=+[8].find(confirm)//v3dm0s,200,0,0
<DETAiLs%09OnPoinTerenTER%09=%09[8].find(confirm)%0dx//,200,0,0
<A%09onmOuseover%0a=%0aconfirm()//v3dm0s,200,1,1
<hTML/+/OnMOUSEoVeR%09=%09(prompt)``//,200,0,0
<HtML%0aonMOuseOVEr+=+confirm()%0dx//,200,1,1
<D3v/+/OnMoUsEoVer%09=%09(prompt)``%0dx//v3dm0s,200,0,0
<d3V%0aoNPoiNtERenTER+=+(confirm)()%0dx//v3dm0s,200,0,0
<detAIls%0doNtOGGLe%0d=%0d[8].find(confirm)//,200,0,0
<a/+/ONMoUSeOvEr%0d=%0d[8].find(confirm)%0dx//v3dm0s,200,0,0
<D3v/+/OnMoUseOvEr%09=%09(confirm)()%0dx//v3dm0s,200,0,0
<htMl%0donPoINTErENtEr+=+confirm()%0dx//,200,1,1
<d3V%0dOnmOUSeOvEr+=+(confirm)()%0dx//v3dm0s,200,0,0
"<HtMl%0donmOuSeoVEr%0d=%0da=prompt,a()%0dx//",200,0,0
<a%0aOnmoUsEOver+=+(prompt)``//v3dm0s,200,0,0
<D3v%0donMOUSeoVEr%0d=%0dconfirm()//v3dm0s,200,1,1
<html/+/oNMOUSEovER%09=%09confirm()%0dx//,200,1,1
<deTaiLS%0aoNpOintEReNTer+=+[8].find(confirm)%0dx//,200,0,0
<D3V%09OnMousEOvER%0d=%0dconfirm()//v3dm0s,200,1,1
<a%0doNMOUSeOveR%0a=%0a(prompt)``//v3dm0s,200,0,0
<d3v%0dOnpOInTEREntEr+=+[8].find(confirm)//v3dm0s,200,0,0
"<a%0aOnMoUseOvER%09=%09a=prompt,a()%0dx//v3dm0s",200,0,0
<HtMl/+/ONmOUseOVEr%0d=%0d(confirm)()//,200,0,0
<d3V%0aONPoinTERENtEr%09=%09(confirm)()//v3dm0s,200,0,0
"<DETaILs%0aOnpOINteREnter%0a=%0aa=prompt,a()//",200,0,0
<hTml%09OnmoUsEOveR+=+(confirm)()//,200,0,0
<html/+/oNPointERenTer%09=%09(confirm)()%0dx//,200,0,0
<a%0aOnMouseover%09=%09(confirm)()%0dx//v3dm0s,200,0,0
<hTML/+/oNMOUSeOveR%0a=%0a[8].find(confirm)//,200,0,0
"<hTMl%09oNmoUSeOveR%0d=%0da=prompt,a()%0dx//",200,0,0
<dETAILS%09oNPOiNTeRenTER%09=%09confirm()//,200,1,1
<A%0aonMousEOveR%0a=%0a(prompt)``//v3dm0s,200,0,0
<D3V%0aonmouSEOvER%0d=%0d[8].find(confirm)%0dx//v3dm0s,200,0,0
<a%09oNPOinTEreNTer+=+(prompt)``%0dx//v3dm0s,200,0,0
"<a%09OnPoiNTeREnteR%09=%09a=prompt,a()%0dx//v3dm0s",200,0,0
<D3V/+/OnPOiNTERENTer%0d=%0d[8].find(confirm)//v3dm0s,200,0,0
<A%0aoNMoUSeoVEr%0a=%0a[8].find(confirm)%0dx//v3dm0s,200,0,0
<DETAilS%0doNPOiNTeReNTEr+=+(confirm)()//,200,0,0
<A%09ONMoUSEoveR%0a=%0aconfirm()%0dx//v3dm0s,200,1,1
<a%09onmouSEOver%09=%09(confirm)()//v3dm0s,200,0,0
<D3v%0aONMouSEOVer+=+(prompt)``//v3dm0s,200,0,0
<DETaiLS/+/OnpoiNtERentEr%0d=%0dconfirm()//,200,1,1
<d3V%09onPOInTerenteR+=+confirm()%0dx//v3dm0s,200,1,1
