"<D3V%0aOnpoInTerEnteR%09=%09a=prompt,a()>v3dm0s",0.935601705879161
"<d3V%0aoNpOinteREnTeR%0a=%0aa=prompt,a()%0dx>v3dm0s",0.9389030058237436
"<d3V%0doNpointereNtEr%09=%09a=prompt,a()>v3dm0s",0.9539163122991728
"<a%0aoNpoIntEreNter%0a=%0aa=prompt,a()%0dx>v3dm0s",0.9637283726691833
<d3v%0dOnpOIntEreNtEr%0d=%0d(prompt)``>v3dm0s,0.9050395176430882
<a%09onPoiNteRENTER%09=%09(prompt)``%0dx>v3dm0s,0.9458109159426267
"<d3v%09oNPoInTeRENTEr%0d=%0da=prompt,a()%0dx>v3dm0s",0.9502461843606045
"<D3V%0aONpOInTeRENtEr%09=%09a=prompt,a()>v3dm0s",0.935601705879161
"<d3v%0dOnpOiNTErenTer%09=%09a=prompt,a()%0dx>v3dm0s",0.9519388474291522
<A%0aonPoIntERENtEr%0a=%0a(prompt)``%0dx>v3dm0s,0.9609356382238459
<d3v%09OnpoinTErentER%09=%09[8].find(confirm)%0dx>v3dm0s,0.9147846419201074
<a%0aonPoInteREnTeR%0d=%0d(confirm)()%0dx>v3dm0s,0.9689940406392092
<D3V%09OnpOiNteRenter%0a=%0a(confirm)()%0dx>v3dm0s,0.9614379922004279
"<A%0aoNPOInteREnTER%09=%09a=prompt,a()>v3dm0s",0.9624162154838616
<a%09ONpoiNTEreNTER%09=%09(prompt)``>v3dm0s,0.9319565649941267
<D3V%0aOnpOinTerEnTEr%0a=%0a(prompt)``>v3dm0s,0.9269638353631087
<D3v%09ONpoIntERenteR%09=%09(prompt)``%0dx>v3dm0s,0.941158038042366
<d3V%0donPOINtEREnter%0d=%0d(prompt)``%0dx>v3dm0s,0.9473490335225532
"<D3v/+/oNpoiNTEreNTER%09=%09a=prompt,a()%0dx>v3dm0s",0.9438793103684348
"<a%0aoNPOiNteRentER%09=%09a=prompt,a()%0dx>v3dm0s",0.9611624409597841
<d3V%0aoNPointeRenTer%0d=%0d[8].find(confirm)%0dx>v3dm0s,0.9570759900930532
"<a%0doNPOinTeRentEr%0d=%0da=prompt,a()>v3dm0s",0.9584597709757894
"<a%0dONPOInteREnTer%0a=%0aa=prompt,a()>v3dm0s",0.9488819036173642
<a%09ONpoINtERentER%0d=%0d(prompt)``>v3dm0s,0.9313960145730398
<D3V/+/onPoiNTEreNTER%0a=%0a(prompt)``>v3dm0s,0.9413143502653816
<d3V%0aoNpoiNTerENTeR%09=%09(prompt)``>v3dm0s,0.9485936844111111
<d3V%09OnPoINTeReNtER%0a=%0a(prompt)``%0dx>v3dm0s,0.9390200363836069
<D3V%0aoNpOInteRENTEr%09=%09[8].find(confirm)%0dx>v3dm0s,0.9278716400267213
<d3v%09onPoiNTeRENter%0d=%0d[8].find(confirm)%0dx>v3dm0s,0.9418446984416742
<A%09onpoinTeRENTer%0d=%0d[8].find(confirm)>v3dm0s,0.9443359239577891
<A%09onPOiNTEReNTEr%0d=%0d(prompt)``%0dx>v3dm0s,0.9446316369044148
"<d3V%0aONpoIntErEntEr%09=%09a=prompt,a()%0dx>v3dm0s",0.9327954055325118
"<A%09OnPoINterenTEr%09=%09a=prompt,a()%0dx>v3dm0s",0.9474738310545404
"<A%0aoNPOINteREntEr%0d=%0da=prompt,a()>v3dm0s",0.9590375913370568
<a%0dOnPoinTERentER%09=%09(prompt)``%0dx>v3dm0s,0.9600021736748129
<D3V%09ONPOINtEreNtER%0a=%0a(prompt)``%0dx>v3dm0s,0.9390200363836069
"<A%0aOnpOINTeRenTer%0d=%0da=prompt,a()>v3dm0s",0.9590375913370568
"<a%09onpoIntEREnTeR%0a=%0aa=prompt,a()>v3dm0s",0.955534692889436
"<D3V%0doNpoiNtereNTEr%0a=%0aa=prompt,a()>v3dm0s",0.9585460573103527
"<d3v%0doNpoiNTErEnTeR%0a=%0aa=prompt,a()%0dx>v3dm0s",0.9566284762584866
<a%0aoNPoIntERenTeR%09=%09(prompt)``%0dx>v3dm0s,0.9519482083644494
"<D3v%0aonpoINTeRENteR%0d=%0da=prompt,a()>v3dm0s",0.947019317579944
"<a%0dOnPOINterenTEr%0d=%0da=prompt,a()%0dx>v3dm0s",0.9467951659384981
<d3v%0aoNPoInTErENTeR%0a=%0a(confirm)()%0dx>v3dm0s,0.9569060828208483
"<D3V%0aONPOiNTERenTER%0d=%0da=prompt,a()%0dx>v3dm0s",0.944576229010252
"<a%09ONpointerenTeR%0d=%0da=prompt,a()%0dx>v3dm0s",0.9428112989573293
<d3V%0aOnpOINTEReNteR%09=%09(prompt)``%0dx>v3dm0s,0.9487347361319914
<D3v%09ONpoINTErEntER%0a=%0a[8].find(confirm)%0dx>v3dm0s,0.9441835773397464
<D3V%0doNPOinTerEnTEr%0d=%0d(prompt)``>v3dm0s,0.9050395176430882
<a%0donPoiNTERenTEr%09=%09(prompt)``%0dx>v3dm0s,0.9600021736748129
<A/+/OnpoINTERENTer%0a=%0a(confirm)()%0dx>v3dm0s,0.9616377999488894
<A/+/ONpoInTeReNtER%09=%09(prompt)``>v3dm0s,0.9276985416957791
<A%0dONPOintERenTEr%0a=%0a(prompt)``>v3dm0s,0.9595747725442263
<a%09OnPOINteRENter%0a=%0a(confirm)()%0dx>v3dm0s,0.9578967140443901
"<a/+/onpOinteRENteR%0d=%0da=prompt,a()%0dx>v3dm0s",0.9376845680965041
<D3V%0donPOinTeReNTer%0a=%0a(prompt)``%0dx>v3dm0s,0.9665339408797984
<d3V%0donpoiNterENter%0a=%0a(prompt)``>v3dm0s,0.9331801525732096
<a%0aoNpOinTerEnter%0a=%0a[8].find(confirm)%0dx>v3dm0s,0.9515742763500171
"<d3v/+/OnpoInTEreNtER%0d=%0da=prompt,a()%0dx>v3dm0s",0.9098822341447433
<D3V%0aonPOINtERENTEr%0d=%0d[8].find(confirm)>v3dm0s,0.9460791282071469
<d3V%09onpoInTeReNTeR%0d=%0d[8].find(confirm)%0dx>v3dm0s,0.9418446984416742
"<D3V%0aoNpoiNteREnteR%0a=%0aa=prompt,a()>v3dm0s",0.9554455919195931
<d3V%09onPOintERENTER%0d=%0d(prompt)``%0dx>v3dm0s,0.9399160169943025
<D3v%0aoNpointerenteR%0d=%0d[8].find(confirm)>v3dm0s,0.9460791282071469
<a%0aOnpOInTeREntER%0a=%0a[8].find(confirm)%0dx>v3dm0s,0.9515742763500171
"<A%09oNPOINTErEnTEr%09=%09a=prompt,a()>v3dm0s",0.9312175201695254
"<d3V%09ONpOintEREnTER%0a=%0aa=prompt,a()%0dx>v3dm0s",0.9494283397282378
<D3V%0dONpOinterENTeR%09=%09(prompt)``>v3dm0s,0.9380575964802469
<D3v%09ONPOINtERenTeR%0d=%0d[8].find(confirm)>v3dm0s,0.9139421280771148
<A/+/oNPoInTEreNTeR%0d=%0d(confirm)()%0dx>v3dm0s,0.9550379587947182
"<A%0dOnpoINtErenter%0a=%0aa=prompt,a()%0dx>v3dm0s",0.9578733245044919
"<a%0doNPoINteReNter%09=%09a=prompt,a()>v3dm0s",0.9414524591813976
"<d3v/+/ONpoInTeRENTER%09=%09a=prompt,a()%0dx>v3dm0s",0.9438793103684348
<D3V%09OnpOINTerenTEr%0d=%0d(confirm)()%0dx>v3dm0s,0.9623241323208959
"<d3v/+/OnPoiNTEReNTEr%09=%09a=prompt,a()>v3dm0s",0.9454754242391368
<D3v%09oNpointErEnTER%0d=%0d(confirm)()%0dx>v3dm0s,0.9623241323208959
"<a%09ONpOintErEnTER%0d=%0da=prompt,a()%0dx>v3dm0s",0.9428112989573293
<D3V%0donPointEreNTer%0d=%0d(prompt)``%0dx>v3dm0s,0.9473490335225532
<A%0aoNPOiNtEReNteR%0d=%0d(prompt)``>v3dm0s,0.9087865069717644
"<d3V%0aoNpoInTerENteR%0a=%0aa=prompt,a()%0dx>v3dm0s",0.9389030058237436
"<D3v%0aonPoiNTerentER%0a=%0aa=prompt,a()>v3dm0s",0.9554455919195931
"<A%0aoNpOINTEreNteR%0d=%0da=prompt,a()%0dx>v3dm0s",0.9478286119903953
<a%09ONpOInTEReNTeR%0a=%0a(prompt)``>v3dm0s,0.955923222862241
<d3V/+/ONPoINtEREntER%0a=%0a(prompt)``%0dx>v3dm0s,0.9533309615360005
<a%0doNpOinTErENTer%0a=%0a(prompt)``%0dx>v3dm0s,0.9674465123856116
"<d3V/+/oNPoINtEreNTeR%0a=%0aa=prompt,a()%0dx>v3dm0s",0.9490397488824561
"<D3V%0donPOINteRENtER%0d=%0da=prompt,a()>v3dm0s",0.9293003013722324
<a%09OnPOInTeREnTER%0d=%0d[8].find(confirm)%0dx>v3dm0s,0.9557306887633625
<A%09ONpoINTEREnTer%09=%09(confirm)()%0dx>v3dm0s,0.9389439284444744
"<a/+/OnPoInTErEnTeR%0a=%0aa=prompt,a()>v3dm0s",0.9593552855386643
<A/+/ONPoiNTERENTER%0a=%0a(confirm)()%0dx>v3dm0s,0.9616377999488894
<D3v%09OnPoinTeRENter%09=%09[8].find(confirm)%0dx>v3dm0s,0.9147846419201074
"<d3V%09OnPoInteREnTer%0d=%0da=prompt,a()%0dx>v3dm0s",0.9502461843606045
"<A/+/oNPoInteREnteR%0a=%0aa=prompt,a()%0dx>v3dm0s",0.9493083916089943
<A%0aoNPoInTerentER%09=%09(confirm)()%0dx>v3dm0s,0.9597012861460524
<D3V/+/OnPOINTereNTer%0d=%0d(prompt)``%0dx>v3dm0s,0.9513037666274251
<D3V/+/OnpOInTeRenter%0a=%0a(prompt)``%0dx>v3dm0s,0.9533309615360005
<A%09oNpOINTErenTEr%0d=%0d(confirm)()%0dx>v3dm0s,0.9596655701433054
<a/+/onpointeREntER%0a=%0a(prompt)``>v3dm0s,0.941432198503241
<D3v%0aOnpoiNTeReNTER%0d=%0d[8].find(confirm)%0dx>v3dm0s,0.9570759900930532
<A%0dOnPOIntereNTeR%0d=%0d(prompt)``>v3dm0s,0.9077033940892345
"<A%09onpOinTeRENTeR%0a=%0aa=prompt,a()%0dx>v3dm0s",0.9614096537871067
"<D3V%0dOnpoiNtErENTER%0d=%0da=prompt,a()%0dx>v3dm0s",0.9456440313777145
<a%0aoNpoInterenTER%09=%09[8].find(confirm)>v3dm0s,0.9290206846184463
<d3v%0aOnpOINteRenTer%0a=%0a(prompt)``>v3dm0s,0.9269638353631087
<D3v%0aoNpOINtErEnteR%0d=%0d(confirm)()%0dx>v3dm0s,0.9605221033298835
<D3v%09ONPOinTErentER%09=%09[8].find(confirm)>v3dm0s,0.9497962007929135
<A%09oNPoinTerenter%09=%09(prompt)``>v3dm0s,0.9319565649941267
<d3V%0aOnPointerEnTeR%09=%09[8].find(confirm)>v3dm0s,0.9450446230221278
"<a/+/ONPOinTereNTeR%0d=%0da=prompt,a()>v3dm0s",0.9517342008351679
<A%09ONpoinTERENtER%09=%09(prompt)``%0dx>v3dm0s,0.9458109159426267
<A%09oNPOinterENtER%09=%09[8].find(confirm)%0dx>v3dm0s,0.9229855161040649
<a%0aonpOIntERENTER%0d=%0d(prompt)``%0dx>v3dm0s,0.9495472113105223
"<a%0dOnpOiNterENTEr%0d=%0da=prompt,a()%0dx>v3dm0s",0.9467951659384981
"<a%09onPOINTErenTER%09=%09a=prompt,a()>v3dm0s",0.9312175201695254
<A%09onPOiNtEREntER%0a=%0a[8].find(confirm)%0dx>v3dm0s,0.9483337181621927
<a%0aonpoinTeREnTer%0d=%0d(confirm)()%0dx>v3dm0s,0.9689940406392092
<A%0dONpOiNTEreNTeR%0a=%0a(prompt)``%0dx>v3dm0s,0.9674465123856116
"<a%0dONpOINTErenTEr%09=%09a=prompt,a()>v3dm0s",0.9414524591813976
"<A%0aoNpoinTErENTER%09=%09a=prompt,a()%0dx>v3dm0s",0.9611624409597841
"<a%09oNPOintEReNteR%0d=%0da=prompt,a()>v3dm0s",0.9454087111221547
"<A%0aOnpOinTerEnTeR%0d=%0da=prompt,a()%0dx>v3dm0s",0.9478286119903953
<d3V%0aONPOINtErenTer%0a=%0a[8].find(confirm)%0dx>v3dm0s,0.9487815635064246
<A/+/onpOinTERENtER%09=%09(confirm)()%0dx>v3dm0s,0.9589670673582833
<d3V%0aoNPOintErEntER%09=%09(prompt)``>v3dm0s,0.9485936844111111
<D3v/+/oNpoiNTErEntER%0a=%0a(confirm)()%0dx>v3dm0s,0.9606877857077791
<a%09oNPoiNterENteR%0a=%0a(prompt)``%0dx>v3dm0s,0.9581218237976233
"<A/+/oNpOInTerEntEr%09=%09a=prompt,a()>v3dm0s",0.9457126436668106
"<a%0aONPointeRENTEr%0a=%0aa=prompt,a()>v3dm0s",0.9649441639908294
<d3V%0aONPoInterenTEr%0a=%0a(prompt)``%0dx>v3dm0s,0.9579780118391713
<A%09ONPoInterentER%0d=%0d[8].find(confirm)%0dx>v3dm0s,0.9557306887633625
<a%0aOnpOINTErenTER%0a=%0a[8].find(confirm)>v3dm0s,0.9583892534537339
<d3V%0aonPOiNTErENTEr%0a=%0a[8].find(confirm)%0dx>v3dm0s,0.9487815635064246
<d3v%09oNpointeREntER%09=%09[8].find(confirm)>v3dm0s,0.9497962007929135
<a%0dOnPOINtereNTeR%09=%09(prompt)``>v3dm0s,0.9130204386915484
"<A/+/ONPOINtEreNter%0d=%0da=prompt,a()>v3dm0s",0.9517342008351679
<a%0aoNPoiNTErenTer%0a=%0a(prompt)``>v3dm0s,0.9500405599913891
"<D3V/+/onpOInTERenTER%0d=%0da=prompt,a()%0dx>v3dm0s",0.9098822341447433
"<D3v%09onpoiNTEREnTER%09=%09a=prompt,a()>v3dm0s",0.9445886130927861
"<d3V/+/oNPoIntereNtER%0a=%0aa=prompt,a()%0dx>v3dm0s",0.9490397488824561
<A%0aoNPoInTEreNTER%09=%09(prompt)``>v3dm0s,0.9391471680662034
<D3v%09oNPOInTErEntER%0a=%0a(prompt)``>v3dm0s,0.9179776884957455
<A/+/OnPOiNtERENTer%0d=%0d(prompt)``%0dx>v3dm0s,0.9129247732402642
<D3v%09OnPoINtEREnTEr%09=%09(confirm)()%0dx>v3dm0s,0.9304674597763086
<a%0aonPointEReNTEr%0d=%0d(prompt)``%0dx>v3dm0s,0.9495472113105223
"<a%0aOnpOINtErENTEr%0a=%0aa=prompt,a()>v3dm0s",0.9649441639908294
<a%0aoNPOIntEreNTEr%09=%09(prompt)``%0dx>v3dm0s,0.9519482083644494
<d3v%09OnpOINterenTeR%09=%09(confirm)()%0dx>v3dm0s,0.9304674597763086
<A/+/onpoInTEReNtEr%0d=%0d(prompt)``%0dx>v3dm0s,0.9129247732402642
<d3V%0aonpOInteReNTer%09=%09(prompt)``%0dx>v3dm0s,0.9487347361319914
<D3V%0aONPOInTErENTEr%0d=%0d(confirm)()%0dx>v3dm0s,0.9605221033298835
<A/+/OnpOINteREnter%09=%09(prompt)``%0dx>v3dm0s,0.9532475963325572
<d3V/+/oNPOInterentER%09=%09(confirm)()%0dx>v3dm0s,0.949722530045582
"<d3v%0dOnpoINTeReNTer%0d=%0da=prompt,a()%0dx>v3dm0s",0.9456440313777145
<d3v/+/oNPOinTerENter%0d=%0d(confirm)()%0dx>v3dm0s,0.9541491287137779
"<D3v%0aONpoInterEntER%09=%09a=prompt,a()%0dx>v3dm0s",0.9327954055325118
<D3v%0aONpOINteREnter%0d=%0d(prompt)``>v3dm0s,0.9336925369251784
<a%0aONpoiNTERenTEr%0a=%0a[8].find(confirm)>v3dm0s,0.9583892534537339
<A/+/OnPOinTEreNteR%0d=%0d(confirm)()%0dx>v3dm0s,0.9550379587947182
<d3V/+/oNPoIntErEnTER%0a=%0a(confirm)()%0dx>v3dm0s,0.9606877857077791
"<d3v/+/onPoinTEREnteR%0d=%0da=prompt,a()>v3dm0s",0.9401641696837186
<A%09onPointERentER%09=%09[8].find(confirm)>v3dm0s,0.9528950993071225
<a%09onpOInTerenTeR%09=%09[8].find(confirm)>v3dm0s,0.9528950993071225
<d3V/+/oNpoInTeRENter%09=%09(prompt)``%0dx>v3dm0s,0.9420617077422517
<d3V/+/onPoiNteRENter%09=%09(prompt)``%0dx>v3dm0s,0.9420617077422517
<A%0aONpoIntErEntEr%0d=%0d[8].find(confirm)>v3dm0s,0.9309035585607665
<A%0aonPointeReNTer%09=%09(prompt)``>v3dm0s,0.9391471680662034
<A%0aoNpoiNTEReNtEr%0d=%0d[8].find(confirm)%0dx>v3dm0s,0.9506841078257875
"<a%0dOnPoINteREnTeR%09=%09a=prompt,a()%0dx>v3dm0s",0.9608980992834544
<d3V/+/OnpoiNterENteR%0d=%0d(confirm)()%0dx>v3dm0s,0.9541491287137779
<d3v%0aOnpOintEREntEr%0d=%0d(prompt)``>v3dm0s,0.9336925369251784
<A/+/onpOiNTERenTEr%0a=%0a(prompt)``%0dx>v3dm0s,0.9613989849219493
<a%0dOnPoInTeRenTEr%09=%09(prompt)``>v3dm0s,0.9130204386915484
<a/+/OnPointeRENtER%09=%09(prompt)``>v3dm0s,0.9276985416957791
<A%0aONpOiNTeRENTER%0d=%0d(prompt)``>v3dm0s,0.9087865069717644
"<D3v%0doNPOIntErenter%0d=%0da=prompt,a()>v3dm0s",0.9293003013722324
"<a%0doNpOiNterENTEr%0d=%0da=prompt,a()>v3dm0s",0.9584597709757894
<A%09ONPointEREnTer%0a=%0a[8].find(confirm)>v3dm0s,0.9250080176890719
"<a%0doNPOiNTerentER%09=%09a=prompt,a()%0dx>v3dm0s",0.9608980992834544
<a%0aonPoiNTeREnTER%0a=%0a(confirm)()%0dx>v3dm0s,0.9613540571373886
<a%0aonpoINterenTEr%09=%09[8].find(confirm)>v3dm0s,0.9290206846184463
<a%09OnPoinTeREnTeR%0d=%0d[8].find(confirm)>v3dm0s,0.9443359239577891
<D3v%0aONpoiNTeREntER%0a=%0a(prompt)``%0dx>v3dm0s,0.9579780118391713
<a%0aoNPOInTEreNtER%0d=%0d[8].find(confirm)%0dx>v3dm0s,0.9506841078257875
<d3V%0aonPoINterENtER%09=%09(confirm)()%0dx>v3dm0s,0.9428083580181339
"<A/+/onPOinTERENtER%09=%09a=prompt,a()%0dx>v3dm0s",0.9542642920492987
<D3V%09onPoinTeRenTEr%0d=%0d[8].find(confirm)>v3dm0s,0.9139421280771148
<A%0aoNpOinterEnTer%0d=%0d[8].find(confirm)>v3dm0s,0.9309035585607665
<A%0dOnpOinTeREnTER%0d=%0d(prompt)``%0dx>v3dm0s,0.9485110001798559
"<a%09oNpOiNTERENter%0a=%0aa=prompt,a()>v3dm0s",0.955534692889436
"<A%09oNPOINTErentEr%0d=%0da=prompt,a()>v3dm0s",0.9454087111221547
<D3v%0dOnPOintEreNteR%0a=%0a(prompt)``>v3dm0s,0.9331801525732096
<D3V/+/OnPOintereNtEr%0a=%0a(prompt)``>v3dm0s,0.9413143502653816
"<a/+/ONPointereNTer%0a=%0aa=prompt,a()>v3dm0s",0.9593552855386643
<a%09onPoINTeRenteR%0d=%0d(confirm)()%0dx>v3dm0s,0.9596655701433054
"<d3v%09onpOiNterEntEr%09=%09a=prompt,a()>v3dm0s",0.9445886130927861
"<D3V%0aoNpoinTERenTER%0d=%0da=prompt,a()>v3dm0s",0.947019317579944
"<D3v%0aOnPOIntEReNteR%0d=%0da=prompt,a()%0dx>v3dm0s",0.944576229010252
"<a%0aoNpOiNteREnTer%09=%09a=prompt,a()>v3dm0s",0.9624162154838616
"<A/+/oNpOinTeRENter%0a=%0aa=prompt,a()%0dx>v3dm0s",0.9493083916089943
<a/+/OnpoInTEREnTeR%0d=%0d(prompt)``>v3dm0s,0.9255727516202696
<d3V%09OnPointErENTEr%0a=%0a[8].find(confirm)>v3dm0s,0.9528465904413995
<D3v%09ONpoInTERenter%0a=%0a[8].find(confirm)%0dx>v3dm0s,0.9441835773397464
<A%0dONPoinTEREnTer%0d=%0d(prompt)``%0dx>v3dm0s,0.9485110001798559
"<A%0aOnPOInTeRENTER%0a=%0aa=prompt,a()%0dx>v3dm0s",0.9637283726691833
<A%0aOnPoINtErEnter%0a=%0a(prompt)``>v3dm0s,0.9500405599913891
"<d3v%09ONPOiNtERenTER%0a=%0aa=prompt,a()>v3dm0s",0.9342925298831526
<A/+/ONPoiNterEntEr%0a=%0a(prompt)``%0dx>v3dm0s,0.9613989849219493
<d3v%09OnpoiNtereNTEr%0a=%0a(confirm)()%0dx>v3dm0s,0.9614379922004279
<A%09OnpoInTeRenTEr%0a=%0a(prompt)``%0dx>v3dm0s,0.9581218237976233
<D3V%09ONpointerENTER%0a=%0a(prompt)``>v3dm0s,0.9179776884957455
<D3v%0aONpoInTeREnTEr%09=%09(confirm)()%0dx>v3dm0s,0.9428083580181339
<d3V%09onPOiNteRENtEr%0d=%0d(prompt)``%0dx>v3dm0s,0.9399160169943025
"<A%0dOnPOINtEReNtER%0a=%0aa=prompt,a()>v3dm0s",0.9488819036173642
<A%09onpointEReNter%0a=%0a[8].find(confirm)%0dx>v3dm0s,0.9483337181621927
"<d3V%09onpoiNteRENter%0a=%0aa=prompt,a()%0dx>v3dm0s",0.9494283397282378
"<D3V%0dOnPoINteRenTER%0a=%0aa=prompt,a()>v3dm0s",0.9585460573103527
"<D3v%09onpointEReNTEr%0d=%0da=prompt,a()>v3dm0s",0.91479884317011
"<D3v%0dONPoIntereNter%09=%09a=prompt,a()>v3dm0s",0.9539163122991728
"<A%0donPoINTeReNTer%0a=%0aa=prompt,a()%0dx>v3dm0s",0.9578733245044919
<a%0doNPOinTEreNTEr%0a=%0a(prompt)``>v3dm0s,0.9595747725442263
"<D3v%09oNPoInterenTER%0d=%0da=prompt,a()>v3dm0s",0.91479884317011
"<d3V%0doNpoINTereNtEr%0a=%0aa=prompt,a()%0dx>v3dm0s",0.9566284762584866
"<A%09OnpOINTereNter%0a=%0aa=prompt,a()%0dx>v3dm0s",0.9614096537871067
<A%0aONpOInTeRenter%0a=%0a(confirm)()%0dx>v3dm0s,0.9613540571373886
<a%09OnPOiNTereNtER%0a=%0a(prompt)``>v3dm0s,0.955923222862241
<d3v%0dOnPOinTErENtEr%0a=%0a(prompt)``%0dx>v3dm0s,0.9665339408797984
<a%09OnpOiNterEnTeR%0a=%0a[8].find(confirm)>v3dm0s,0.9250080176890719
<A%0aOnpoinTERenteR%09=%09[8].find(confirm)%0dx>v3dm0s,0.9589555051855391
<D3V%0aOnpOINTeReNtER%0a=%0a(confirm)()%0dx>v3dm0s,0.9569060828208483
<d3v%0donPOINtEReNTER%09=%09(prompt)``>v3dm0s,0.9380575964802469
<d3v%09OnPOINTeRenter%09=%09(prompt)``%0dx>v3dm0s,0.941158038042366
<a/+/oNPointErenTER%0d=%0d(prompt)``>v3dm0s,0.9255727516202696
<A%0aoNPOiNTEreNTEr%0a=%0a(prompt)``%0dx>v3dm0s,0.9609356382238459
<d3v%0aonpOintereNTer%09=%09[8].find(confirm)%0dx>v3dm0s,0.9278716400267213
<a%0doNPOinteREnTEr%0d=%0d(prompt)``>v3dm0s,0.9077033940892345
"<A/+/oNpOinTEReNteR%09=%09a=prompt,a()>v3dm0s",0.9457126436668106
<a%09OnpoinTErentER%09=%09(confirm)()%0dx>v3dm0s,0.9389439284444744
<A/+/OnPOINtEREntEr%09=%09(confirm)()%0dx>v3dm0s,0.9589670673582833
"<A/+/ONPoINTErEnTEr%0d=%0da=prompt,a()%0dx>v3dm0s",0.9376845680965041
<a%0aONpointeRENTER%09=%09[8].find(confirm)%0dx>v3dm0s,0.9589555051855391
"<d3V/+/OnpoINTereNTER%0d=%0da=prompt,a()>v3dm0s",0.9401641696837186
"<d3V/+/oNPOiNTeREntER%09=%09a=prompt,a()>v3dm0s",0.9454754242391368
<a%09oNpOiNTEreNTER%0d=%0d(prompt)``%0dx>v3dm0s,0.9446316369044148
<A%09oNPoINTeReNtER%0a=%0a(confirm)()%0dx>v3dm0s,0.9578967140443901
<a%09OnPoInTerENteR%09=%09[8].find(confirm)%0dx>v3dm0s,0.9229855161040649
"<D3V%09ONpOinterenTEr%0a=%0aa=prompt,a()>v3dm0s",0.9342925298831526
"<A/+/onpoINTeRENTEr%09=%09a=prompt,a()%0dx>v3dm0s",0.9542642920492987
<d3v%0aonpoInTErentER%09=%09[8].find(confirm)>v3dm0s,0.9450446230221278
"<d3V/+/OnpOiNTeReNteR%0a=%0aa=prompt,a()>v3dm0s",0.933664069922427
<d3V%09OnpOintEReNTer%0a=%0a[8].find(confirm)>v3dm0s,0.9528465904413995
<D3V/+/OnpoInTeRENtEr%09=%09(confirm)()%0dx>v3dm0s,0.949722530045582
"<D3V/+/ONpointEreNtEr%0a=%0aa=prompt,a()>v3dm0s",0.933664069922427
<a%0aONPOiNTeRenTeR%09=%09(confirm)()%0dx>v3dm0s,0.9597012861460524
<D3V/+/ONpOintEREnTeR%0d=%0d(prompt)``%0dx>v3dm0s,0.9513037666274251
"<A%09ONPOiNterenTEr%09=%09a=prompt,a()%0dx>v3dm0s",0.9474738310545404
<A/+/onpoinTeRENTER%09=%09(prompt)``%0dx>v3dm0s,0.9532475963325572
<A%09oNPoInterENTer%0d=%0d(prompt)``>v3dm0s,0.9313960145730398
"<D3V%0donPOiNTEREnteR%09=%09a=prompt,a()%0dx>v3dm0s",0.9519388474291522
<A/+/ONpoINteReNtEr%0a=%0a(prompt)``>v3dm0s,0.941432198503241
"<a%0donpointereNtEr%0a=%0aa=prompt,a()%0dx>v3dm0s",0.9578733245044919
"<A%0doNpoIntERenter%09=%09a=prompt,a()>v3dm0s",0.9414524591813976
"<D3v%0aoNPOINTERentEr%0d=%0da=prompt,a()%0dx>v3dm0s",0.944576229010252
<D3v%09OnPOiNtErEnTER%09=%09(confirm)()%0dx>v3dm0s,0.9304674597763086
<D3v%09ONpOINteReNtER%09=%09[8].find(confirm)>v3dm0s,0.9497962007929135
<d3v%0aONpoiNteRENTer%0d=%0d[8].find(confirm)%0dx>v3dm0s,0.9570759900930532
"<a/+/ONPOinTEreNter%0d=%0da=prompt,a()%0dx>v3dm0s",0.9376845680965041
"<D3v%09oNpOInTErentEr%0d=%0da=prompt,a()%0dx>v3dm0s",0.9502461843606045
<D3v%0aOnPoInTerenteR%09=%09[8].find(confirm)%0dx>v3dm0s,0.9278716400267213
<a%0doNpoInTerenTer%0a=%0a(prompt)``%0dx>v3dm0s,0.9674465123856116
"<A%09OnPoiNTerEntER%09=%09a=prompt,a()%0dx>v3dm0s",0.9474738310545404
"<a/+/ONPoiNTEReNTeR%09=%09a=prompt,a()>v3dm0s",0.9457126436668106
<a%09ONpOIntEreNtEr%0a=%0a(prompt)``%0dx>v3dm0s,0.9581218237976233
"<d3V/+/onpOINTereNTER%0a=%0aa=prompt,a()%0dx>v3dm0s",0.9490397488824561
"<a%0dONPointEREnTer%09=%09a=prompt,a()>v3dm0s",0.9414524591813976
"<a%0aOnPoiNterentER%0d=%0da=prompt,a()>v3dm0s",0.9590375913370568
<a%0aONPoInterEnTER%09=%09(prompt)``%0dx>v3dm0s,0.9519482083644494
"<A%0dOnPOinteReNTer%09=%09a=prompt,a()%0dx>v3dm0s",0.9608980992834544
<A%0aonpOiNteREnTer%0a=%0a(confirm)()%0dx>v3dm0s,0.9613540571373886
"<a/+/ONpOIntEReNTEr%09=%09a=prompt,a()%0dx>v3dm0s",0.9542642920492987
<D3v%0aOnPOInteREnteR%0a=%0a(prompt)``%0dx>v3dm0s,0.9579780118391713
<d3V%09ONpOiNteRENTeR%0d=%0d[8].find(confirm)%0dx>v3dm0s,0.9418446984416742
<A%09onpOintERenter%0d=%0d(confirm)()%0dx>v3dm0s,0.9596655701433054
"<D3v%09ONpOintEReNtEr%0d=%0da=prompt,a()>v3dm0s",0.91479884317011
<A%09OnpOiNtERENTer%09=%09(prompt)``%0dx>v3dm0s,0.9458109159426267
<D3v%09OnpOinTerENTEr%0d=%0d(confirm)()%0dx>v3dm0s,0.9623241323208959
<d3V/+/onPoInTErENter%0d=%0d(confirm)()%0dx>v3dm0s,0.9541491287137779
<A%0donPOinterenteR%0a=%0a(prompt)``%0dx>v3dm0s,0.9674465123856116
<a%0aONPoIntereNTer%0d=%0d[8].find(confirm)%0dx>v3dm0s,0.9506841078257875
<d3v%0aOnpoinTeRENTeR%0d=%0d[8].find(confirm)>v3dm0s,0.9460791282071469
<D3v%0aoNpOINTeReNTer%0d=%0d(confirm)()%0dx>v3dm0s,0.9605221033298835
"<d3v%0dOnPoiNTErENTER%0a=%0aa=prompt,a()>v3dm0s",0.9585460573103527
<d3V/+/onpOinteRENtER%0a=%0a(prompt)``>v3dm0s,0.9413143502653816
<A%0aoNPOiNtEreNTER%09=%09(confirm)()%0dx>v3dm0s,0.9597012861460524
<D3V%0aoNpointEreNtEr%09=%09(confirm)()%0dx>v3dm0s,0.9428083580181339
"<d3V%0donPointeReNteR%0a=%0aa=prompt,a()>v3dm0s",0.9585460573103527
<A/+/OnpOiNtERenter%09=%09(prompt)``%0dx>v3dm0s,0.9532475963325572
<d3V%0dONpOiNtErENter%0a=%0a(prompt)``>v3dm0s,0.9331801525732096
<a%09ONPOiNteREnter%0a=%0a(prompt)``%0dx>v3dm0s,0.9581218237976233
<D3v%09OnPoINteRENtEr%09=%09(prompt)``%0dx>v3dm0s,0.941158038042366
"<a%0aOnpOInTeRENTER%0a=%0aa=prompt,a()>v3dm0s",0.9649441639908294
<a%09onPOINterEnTER%09=%09(confirm)()%0dx>v3dm0s,0.9389439284444744
<a%09onpOINTErENter%0d=%0d(prompt)``%0dx>v3dm0s,0.9446316369044148
"<D3v%0donPoiNTEReNTer%0a=%0aa=prompt,a()%0dx>v3dm0s",0.9566284762584866
"<A%0donPoINTEreNtER%0a=%0aa=prompt,a()%0dx>v3dm0s",0.9578733245044919
<d3V%09oNpOiNteRENTEr%0a=%0a(prompt)``%0dx>v3dm0s,0.9390200363836069
"<d3v/+/OnpOInTERENTEr%0d=%0da=prompt,a()>v3dm0s",0.9401641696837186
<A%09ONpOINtEREnTEr%09=%09[8].find(confirm)%0dx>v3dm0s,0.9229855161040649
"<d3V/+/ONPoinTErenter%09=%09a=prompt,a()%0dx>v3dm0s",0.9438793103684348
<a%0doNpoINtErenteR%0d=%0d(prompt)``%0dx>v3dm0s,0.9485110001798559
<d3V/+/oNpoiNtEREnter%0d=%0d(confirm)()%0dx>v3dm0s,0.9541491287137779
<D3v%0aonpoInTEreNTeR%0d=%0d(prompt)``>v3dm0s,0.9336925369251784
"<d3V%09onpOinTERenter%0a=%0aa=prompt,a()>v3dm0s",0.9342925298831526
<A/+/oNPOiNTeRENtER%0a=%0a(prompt)``>v3dm0s,0.941432198503241
<a%0aONPOiNtereNTEr%0a=%0a(prompt)``%0dx>v3dm0s,0.9609356382238459
<D3V%09oNPoiNTerEnTeR%0a=%0a[8].find(confirm)%0dx>v3dm0s,0.9441835773397464
<A%0aonpoinTerentEr%0d=%0d[8].find(confirm)>v3dm0s,0.9309035585607665
<d3V%09onpOiNTERenteR%0a=%0a(confirm)()%0dx>v3dm0s,0.9614379922004279
"<A%09ONpOinTerentER%0d=%0da=prompt,a()%0dx>v3dm0s",0.9428112989573293
<D3V%0aoNpoinTEReNtER%0a=%0a(prompt)``>v3dm0s,0.9269638353631087
<a%0aONpOiNteRENTeR%0a=%0a(prompt)``>v3dm0s,0.9500405599913891
<A%0donpoinTeReNTeR%09=%09(prompt)``%0dx>v3dm0s,0.9600021736748129
<A%0dONpOiNTerEntEr%0d=%0d(prompt)``%0dx>v3dm0s,0.9485110001798559
<a%0aOnPoINTereNTeR%0a=%0a[8].find(confirm)>v3dm0s,0.9583892534537339
<A%09oNpoInTEREntER%09=%09[8].find(confirm)>v3dm0s,0.9528950993071225
"<a%0aOnpOiNtErENTer%0d=%0da=prompt,a()%0dx>v3dm0s",0.9478286119903953
"<A%0donpOInTERenteR%0d=%0da=prompt,a()>v3dm0s",0.9584597709757894
<D3v%0aONPoiNtEREnter%09=%09(prompt)``%0dx>v3dm0s,0.9487347361319914
<d3v/+/OnpoiNTERENter%0d=%0d(prompt)``%0dx>v3dm0s,0.9513037666274251
<d3V%0aONpoInteReNtER%09=%09[8].find(confirm)>v3dm0s,0.9450446230221278
<D3v%09oNPoINTERenTer%0d=%0d(confirm)()%0dx>v3dm0s,0.9623241323208959
<a%0aonPOiNtEreNTEr%09=%09(confirm)()%0dx>v3dm0s,0.9597012861460524
<a%0donpOInTErenTer%0d=%0d(prompt)``>v3dm0s,0.9077033940892345
<A/+/oNpointEreNtER%0a=%0a(prompt)``%0dx>v3dm0s,0.9613989849219493
"<a%0aONPOIntERenTER%09=%09a=prompt,a()%0dx>v3dm0s",0.9611624409597841
"<D3V/+/oNPOInterENTER%0a=%0aa=prompt,a()>v3dm0s",0.933664069922427
<A/+/OnpoiNTeRENTER%09=%09(prompt)``>v3dm0s,0.9276985416957791
<A/+/ONPoInteReNtER%09=%09(confirm)()%0dx>v3dm0s,0.9589670673582833
<d3V%09onPOiNTEReNTer%0a=%0a(prompt)``>v3dm0s,0.9179776884957455
"<D3V/+/OnPOInterenTEr%0a=%0aa=prompt,a()>v3dm0s",0.933664069922427
<A/+/oNpointErEnTer%0d=%0d(prompt)``>v3dm0s,0.9255727516202696
"<d3v%0dONpoiNtereNTEr%0a=%0aa=prompt,a()%0dx>v3dm0s",0.9566284762584866
<a%0doNPointEreNTER%09=%09(prompt)``>v3dm0s,0.9130204386915484
<d3V%0aONpOInTERentER%0d=%0d(prompt)``>v3dm0s,0.9336925369251784
<D3v%0dONpoIntEreNter%0d=%0d(prompt)``%0dx>v3dm0s,0.9473490335225532
<D3v%0aoNpoinTEReNTeR%09=%09(prompt)``>v3dm0s,0.9485936844111111
<a%0dONPOinteRENtER%0a=%0a(prompt)``>v3dm0s,0.9595747725442263
<D3v%0donpOINTERENTER%0a=%0a(prompt)``%0dx>v3dm0s,0.9665339408797984
"<d3v%0aOnpoINTErENteR%09=%09a=prompt,a()%0dx>v3dm0s",0.9327954055325118
"<A%0aonpOInTeReNteR%09=%09a=prompt,a()>v3dm0s",0.9624162154838616
"<D3V%0dONPOINtErentEr%09=%09a=prompt,a()>v3dm0s",0.9539163122991728
"<D3V%09ONpOinTErEntER%0a=%0aa=prompt,a()%0dx>v3dm0s",0.9494283397282378
<A%0aONPoInTEreNTer%09=%09(prompt)``%0dx>v3dm0s,0.9519482083644494
<a%0aoNpOinTERENTer%0d=%0d[8].find(confirm)>v3dm0s,0.9309035585607665
"<D3v/+/ONPOiNterEnTER%09=%09a=prompt,a()%0dx>v3dm0s",0.9438793103684348
<d3v%09onPoinTeRENtER%0d=%0d(prompt)``%0dx>v3dm0s,0.9399160169943025
"<D3v%0doNPoInTeRentEr%0d=%0da=prompt,a()>v3dm0s",0.9293003013722324
<D3v%0aoNpoINtereNtER%0a=%0a(prompt)``>v3dm0s,0.9269638353631087
<D3V%0aOnpoInTerenTer%0a=%0a(confirm)()%0dx>v3dm0s,0.9569060828208483
<a%0aONpOInteRENtER%0a=%0a(confirm)()%0dx>v3dm0s,0.9613540571373886
<d3V%0dOnPOinTErENtEr%0d=%0d(prompt)``>v3dm0s,0.9050395176430882
"<d3V%0aOnPOinteRENTeR%0a=%0aa=prompt,a()>v3dm0s",0.9554455919195931
<D3v%09OnpoinTeRenTer%0d=%0d[8].find(confirm)>v3dm0s,0.9139421280771148
<a%09oNpOINtErEnteR%0a=%0a[8].find(confirm)>v3dm0s,0.9250080176890719
<A%0aonpOinTERenTER%0a=%0a(prompt)``%0dx>v3dm0s,0.9609356382238459
<D3v%0dONPoInteReNter%0a=%0a(prompt)``>v3dm0s,0.9331801525732096
<A/+/oNPoIntEReNteR%0a=%0a(prompt)``%0dx>v3dm0s,0.9613989849219493
<a%0aoNPOiNTeRenTer%09=%09[8].find(confirm)>v3dm0s,0.9290206846184463
"<A%0donpoinTERenteR%0a=%0aa=prompt,a()>v3dm0s",0.9488819036173642
<D3v%0aoNpOinTereNTer%0a=%0a(prompt)``%0dx>v3dm0s,0.9579780118391713
<D3v%0aONpointEreNTer%09=%09(prompt)``%0dx>v3dm0s,0.9487347361319914
"<a/+/OnPoInTeRENter%0a=%0aa=prompt,a()%0dx>v3dm0s",0.9493083916089943
<d3v%09onPoIntERenter%0a=%0a(prompt)``%0dx>v3dm0s,0.9390200363836069
<D3V%0aOnpoInTeREnTeR%09=%09(confirm)()%0dx>v3dm0s,0.9428083580181339
"<D3v%0aONpoiNTERenter%0a=%0aa=prompt,a()>v3dm0s",0.9554455919195931
<a%0aONPOINTErENtEr%0a=%0a[8].find(confirm)%0dx>v3dm0s,0.9515742763500171
<D3v%09ONPOINteRENTEr%0d=%0d(prompt)``%0dx>v3dm0s,0.9399160169943025
"<D3v%0aonPoINTeREnTeR%09=%09a=prompt,a()>v3dm0s",0.935601705879161
<A%0dOnPoiNteREnteR%09=%09(prompt)``%0dx>v3dm0s,0.9600021736748129
<D3v%09onPointEreNTeR%0d=%0d[8].find(confirm)%0dx>v3dm0s,0.9418446984416742
<a%0aOnPOintEREnteR%09=%09[8].find(confirm)%0dx>v3dm0s,0.9589555051855391
<D3V%09onPoiNtErenTER%09=%09(prompt)``%0dx>v3dm0s,0.941158038042366
"<A%0dOnpOINteRentEr%0a=%0aa=prompt,a()>v3dm0s",0.9488819036173642
<a%0aonpOIntEReNtEr%0d=%0d[8].find(confirm)%0dx>v3dm0s,0.9506841078257875
"<A%0aOnPOiNTErENTEr%0a=%0aa=prompt,a()%0dx>v3dm0s",0.9637283726691833
"<D3v%0aoNpoINTEreNTeR%09=%09a=prompt,a()>v3dm0s",0.935601705879161
"<D3V%0aoNpoInteReNTER%0d=%0da=prompt,a()>v3dm0s",0.947019317579944
<d3v%09OnpoIntErenter%09=%09[8].find(confirm)%0dx>v3dm0s,0.9147846419201074
"<d3V%0aOnPointeRENteR%09=%09a=prompt,a()%0dx>v3dm0s",0.9327954055325118
"<D3V/+/OnPOINterEntEr%0d=%0da=prompt,a()%0dx>v3dm0s",0.9098822341447433
<d3v%0aONpOINtERENtEr%0a=%0a[8].find(confirm)%0dx>v3dm0s,0.9487815635064246
<a%0aOnPOIntErenTEr%0d=%0d(confirm)()%0dx>v3dm0s,0.9689940406392092
"<a%09ONpOInTErEntER%0a=%0aa=prompt,a()>v3dm0s",0.955534692889436
<d3V/+/OnPoiNtErENTEr%09=%09(confirm)()%0dx>v3dm0s,0.949722530045582
<D3v/+/oNPOintERenter%0a=%0a(confirm)()%0dx>v3dm0s,0.9606877857077791
"<d3v%0aONPOintErentEr%0a=%0aa=prompt,a()%0dx>v3dm0s",0.9389030058237436
<A%09onpoINTErEnTer%0a=%0a(confirm)()%0dx>v3dm0s,0.9578967140443901
"<a/+/onPOINTErEntEr%0a=%0aa=prompt,a()>v3dm0s",0.9593552855386643
"<A/+/oNPoINTeRENTER%0a=%0aa=prompt,a()%0dx>v3dm0s",0.9493083916089943
"<a/+/onPOinTerEnTeR%0d=%0da=prompt,a()>v3dm0s",0.9517342008351679
<d3v%09oNPoiNteReNteR%0a=%0a[8].find(confirm)%0dx>v3dm0s,0.9441835773397464
<d3V/+/ONpoiNteRenTEr%09=%09(prompt)``%0dx>v3dm0s,0.9420617077422517
<A%09onpoInteReNTER%0d=%0d[8].find(confirm)>v3dm0s,0.9443359239577891
"<D3V/+/onpOINTerEnTer%0d=%0da=prompt,a()>v3dm0s",0.9401641696837186
<a%09ONpoIntErENtEr%0d=%0d(prompt)``>v3dm0s,0.9313960145730398
<a%09oNpoinTeReNtER%0a=%0a[8].find(confirm)>v3dm0s,0.9250080176890719
<d3V%09OnPoiNtERenTEr%09=%09[8].find(confirm)>v3dm0s,0.9497962007929135
<A%09onPOiNteREntEr%09=%09(prompt)``%0dx>v3dm0s,0.9458109159426267
"<A%0aOnPOInteRenteR%0a=%0aa=prompt,a()%0dx>v3dm0s",0.9637283726691833
"<D3v/+/onPOINTEReNtER%0a=%0aa=prompt,a()%0dx>v3dm0s",0.9490397488824561
<a/+/OnPoINtErENTER%09=%09(prompt)``>v3dm0s,0.9276985416957791
"<A%09OnPoINTeREntER%0a=%0aa=prompt,a()%0dx>v3dm0s",0.9614096537871067
"<A%09ONpointERENtER%09=%09a=prompt,a()%0dx>v3dm0s",0.9474738310545404
<D3V/+/OnpoInTeRentEr%09=%09(prompt)``%0dx>v3dm0s,0.9420617077422517
"<D3V%0aONpOINTEreNTER%0a=%0aa=prompt,a()%0dx>v3dm0s",0.9389030058237436
<a%0aONPOINTerEntER%09=%09(prompt)``>v3dm0s,0.9391471680662034
<D3v/+/OnPoiNTerENTER%0d=%0d(prompt)``%0dx>v3dm0s,0.9513037666274251
<A/+/oNPOIntERenTEr%0a=%0a(prompt)``>v3dm0s,0.941432198503241
<a%09ONpOiNtereNTer%0d=%0d(prompt)``>v3dm0s,0.9313960145730398
<A%0dOnPOInTerEntER%0a=%0a(prompt)``>v3dm0s,0.9595747725442263
<a%0aoNPoInTERENtEr%09=%09[8].find(confirm)%0dx>v3dm0s,0.9589555051855391
"<a%09OnpoiNTEReNteR%0a=%0aa=prompt,a()%0dx>v3dm0s",0.9614096537871067
<a%0aoNpOINteRENTEr%0d=%0d(prompt)``%0dx>v3dm0s,0.9495472113105223
<D3V%0aonPOInTeRENTER%0a=%0a(confirm)()%0dx>v3dm0s,0.9569060828208483
"<A%0aONPointERenTer%0d=%0da=prompt,a()>v3dm0s",0.9590375913370568
<D3V%09onPoInterEnTeR%0a=%0a(confirm)()%0dx>v3dm0s,0.9614379922004279
<D3v%09ONPOInTeReNteR%0a=%0a[8].find(confirm)>v3dm0s,0.9528465904413995
<A%0aonpOIntERenTER%0a=%0a[8].find(confirm)>v3dm0s,0.9583892534537339
<A/+/onPOinTERENtER%0d=%0d(prompt)``%0dx>v3dm0s,0.9129247732402642
"<d3v%0aoNPoiNtEReNTer%0d=%0da=prompt,a()%0dx>v3dm0s",0.944576229010252
<d3v%0aoNpOiNTerEnTer%0d=%0d(confirm)()%0dx>v3dm0s,0.9605221033298835
"<D3v%09onpOINTErenteR%0d=%0da=prompt,a()>v3dm0s",0.91479884317011
"<d3V%09ONpoiNTerenter%09=%09a=prompt,a()>v3dm0s",0.9445886130927861
<d3V%09onpoiNteReNTer%0a=%0a[8].find(confirm)>v3dm0s,0.9528465904413995
<d3v%09onPoInterEnTEr%0d=%0d[8].find(confirm)>v3dm0s,0.9139421280771148
"<D3v%0aonPOInterENteR%0d=%0da=prompt,a()>v3dm0s",0.947019317579944
<a/+/ONPOinTereNTer%0d=%0d(confirm)()%0dx>v3dm0s,0.9550379587947182
"<A%0aonPoinTeReNtEr%0a=%0aa=prompt,a()>v3dm0s",0.9649441639908294
<d3V%0aONpointeRentER%09=%09(prompt)``>v3dm0s,0.9485936844111111
<d3V%0aoNPoINTEReNteR%0d=%0d[8].find(confirm)%0dx>v3dm0s,0.9570759900930532
"<D3V%09ONPoInTEREnTEr%0a=%0aa=prompt,a()%0dx>v3dm0s",0.9494283397282378
<d3v%0aONpoIntereNtER%0a=%0a[8].find(confirm)%0dx>v3dm0s,0.9487815635064246
"<D3V%0doNpOIntERENTEr%0d=%0da=prompt,a()>v3dm0s",0.9293003013722324
<A/+/OnpOinTeReNteR%0a=%0a(confirm)()%0dx>v3dm0s,0.9616377999488894
<D3v/+/ONpOinTEreNtEr%0a=%0a(prompt)``%0dx>v3dm0s,0.9533309615360005
<a%0aoNpointeReNteR%09=%09(prompt)``>v3dm0s,0.9391471680662034
"<d3v%0dOnpoInTeREntEr%0d=%0da=prompt,a()%0dx>v3dm0s",0.9456440313777145
<a%09OnPOinTErenTer%0d=%0d(prompt)``%0dx>v3dm0s,0.9446316369044148
<D3V/+/onPoInterENTER%0a=%0a(prompt)``%0dx>v3dm0s,0.9533309615360005
<A%0dOnPoInTeRENTer%09=%09(prompt)``>v3dm0s,0.9130204386915484
<a/+/ONpOInteREnTEr%0d=%0d(prompt)``%0dx>v3dm0s,0.9129247732402642
<A%0aoNPoInteREnTEr%0d=%0d(prompt)``>v3dm0s,0.9087865069717644
"<a%0dOnpoinTerENtEr%09=%09a=prompt,a()%0dx>v3dm0s",0.9608980992834544
<D3V%0doNpOinTerENTEr%09=%09(prompt)``>v3dm0s,0.9380575964802469
<a/+/onPOiNtEreNTer%09=%09(prompt)``%0dx>v3dm0s,0.9532475963325572
"<D3v%09OnpoInTERentER%0d=%0da=prompt,a()%0dx>v3dm0s",0.9502461843606045
<A/+/onPoInterentEr%0d=%0d(prompt)``>v3dm0s,0.9255727516202696
"<D3V%09oNpOinTeRENTer%09=%09a=prompt,a()>v3dm0s",0.9445886130927861
<a%09onpOIntErEntEr%0d=%0d[8].find(confirm)%0dx>v3dm0s,0.9557306887633625
<A/+/onPOINteREnTer%09=%09(confirm)()%0dx>v3dm0s,0.9589670673582833
<a%09oNpointERenter%09=%09(confirm)()%0dx>v3dm0s,0.9389439284444744
<D3V%0donpOInTerENtER%09=%09(prompt)``>v3dm0s,0.9380575964802469
<D3v%09OnpoinTErEnTer%09=%09(confirm)()%0dx>v3dm0s,0.9304674597763086
"<a%09OnpointeRENter%0d=%0da=prompt,a()>v3dm0s",0.9454087111221547
<d3V%0dOnpoINTErENtER%0d=%0d(prompt)``%0dx>v3dm0s,0.9473490335225532
"<D3v%0donPOINTERenTeR%09=%09a=prompt,a()>v3dm0s",0.9539163122991728
<a%09oNpOinTeReNTER%0a=%0a[8].find(confirm)%0dx>v3dm0s,0.9483337181621927
<D3v%09onpoiNTerENtEr%0a=%0a(prompt)``>v3dm0s,0.9179776884957455
<a%09onPOiNTERENteR%0d=%0d(confirm)()%0dx>v3dm0s,0.9596655701433054
<a%09OnpOiNtereNTEr%0a=%0a(prompt)``>v3dm0s,0.955923222862241
"<a%0dOnPOinterentER%0d=%0da=prompt,a()>v3dm0s",0.9584597709757894
<a%09OnpoiNTEReNteR%09=%09(prompt)``>v3dm0s,0.9319565649941267
"<A%09ONPOINTERENtEr%0a=%0aa=prompt,a()>v3dm0s",0.955534692889436
"<a/+/onPoIntEREnTer%09=%09a=prompt,a()>v3dm0s",0.9457126436668106
<d3v%09ONpOINterEntER%09=%09[8].find(confirm)%0dx>v3dm0s,0.9147846419201074
<D3V%0aONPoINTEreNteR%09=%09[8].find(confirm)%0dx>v3dm0s,0.9278716400267213
<A%0aOnPOIntERenter%0d=%0d(confirm)()%0dx>v3dm0s,0.9689940406392092
"<A%09OnPoinTerentER%09=%09a=prompt,a()>v3dm0s",0.9312175201695254
"<a/+/OnPOiNtErENTER%0d=%0da=prompt,a()>v3dm0s",0.9517342008351679
<d3V/+/OnpoInTeREnTER%0a=%0a(confirm)()%0dx>v3dm0s,0.9606877857077791
"<d3V/+/ONPoiNTErenTeR%09=%09a=prompt,a()>v3dm0s",0.9454754242391368
<A%09oNpointerenTeR%0d=%0d[8].find(confirm)>v3dm0s,0.9443359239577891
"<A%09onpoIntERentER%09=%09a=prompt,a()>v3dm0s",0.9312175201695254
"<d3v/+/oNPoINterEnter%09=%09a=prompt,a()>v3dm0s",0.9454754242391368
"<d3V%0doNPoINtErEntER%09=%09a=prompt,a()%0dx>v3dm0s",0.9519388474291522
<a%09ONPOiNTERenTEr%09=%09(prompt)``>v3dm0s,0.9319565649941267
<d3v/+/OnPOiNtErENter%0a=%0a(prompt)``>v3dm0s,0.9413143502653816
<a%09ONPOINTErENTEr%0d=%0d[8].find(confirm)%0dx>v3dm0s,0.9557306887633625
<d3v%0dOnpOINTERenTEr%0d=%0d(prompt)``>v3dm0s,0.9050395176430882
"<A%0aonPOinteREnTeR%09=%09a=prompt,a()%0dx>v3dm0s",0.9611624409597841
"<D3V%0dOnpOIntEREnTer%0d=%0da=prompt,a()%0dx>v3dm0s",0.9456440313777145
<a%0aonpOInTerenTeR%09=%09[8].find(confirm)>v3dm0s,0.9290206846184463
"<D3v/+/OnpointerENtER%0d=%0da=prompt,a()%0dx>v3dm0s",0.9098822341447433
<a%09onPointErENTer%09=%09[8].find(confirm)%0dx>v3dm0s,0.9229855161040649
"<a%0dONPOINTErENteR%0d=%0da=prompt,a()%0dx>v3dm0s",0.9467951659384981
<a/+/ONpOINTeRENTER%0a=%0a(confirm)()%0dx>v3dm0s,0.9616377999488894
<a%0aOnPOinTERENtEr%0d=%0d(prompt)``%0dx>v3dm0s,0.9495472113105223
<D3v%0dOnpOINtEreNTer%0a=%0a(prompt)``%0dx>v3dm0s,0.9665339408797984
<A%09ONpoiNtERenter%09=%09[8].find(confirm)>v3dm0s,0.9528950993071225
"<D3V%09onpoINtERenTER%0a=%0aa=prompt,a()>v3dm0s",0.9342925298831526
<D3v%0aonPOintErENTER%0d=%0d[8].find(confirm)>v3dm0s,0.9460791282071469
<A%0aOnpOintEreNTEr%0a=%0a[8].find(confirm)%0dx>v3dm0s,0.9515742763500171
<A/+/oNpOintErENtER%0d=%0d(confirm)()%0dx>v3dm0s,0.9550379587947182
<A%0aOnpOInTEReNteR%0d=%0d(prompt)``>v3dm0s,0.9087865069717644
"<a%09ONpOiNtERENtEr%0d=%0da=prompt,a()%0dx>v3dm0s",0.9428112989573293
"<a/+/ONpOinterEnTER%0d=%0da=prompt,a()%0dx>v3dm0s",0.9376845680965041
<a%09oNPoINTerenTEr%0a=%0a(confirm)()%0dx>v3dm0s,0.9578967140443901
"<A%09oNPOInteReNteR%0d=%0da=prompt,a()>v3dm0s",0.9454087111221547
"<A/+/OnpOInterenter%09=%09a=prompt,a()%0dx>v3dm0s",0.9542642920492987
"<a%0donPOINTEReNTeR%0d=%0da=prompt,a()%0dx>v3dm0s",0.9467951659384981
<a%09ONPointerentEr%0a=%0a[8].find(confirm)%0dx>v3dm0s,0.9483337181621927
<D3V%0aonpOINtereNter%09=%09[8].find(confirm)>v3dm0s,0.9450446230221278
<d3v/+/oNpOInTErentEr%09=%09(confirm)()%0dx>v3dm0s,0.949722530045582
"<a%0aONPOINtereNTeR%09=%09a=prompt,a()>v3dm0s",0.9624162154838616
"<a/+/ONPOIntereNTER%0a=%0aa=prompt,a()>v3dm0s",0.9593552855386643
<a%0aoNpoINTErenter%0a=%0a(prompt)``>v3dm0s,0.9500405599913891
<a%09OnPOinTERENtEr%0a=%0a(prompt)``>v3dm0s,0.955923222862241
"<A%0aONpoInTERenteR%0d=%0da=prompt,a()%0dx>v3dm0s",0.9478286119903953
<a%0dONPOINteREnter%0d=%0d(prompt)``>v3dm0s,0.9077033940892345
"<D3v%0donPoinTerenteR%09=%09a=prompt,a()%0dx>v3dm0s",0.9519388474291522
